Expiry,Strike,Last Price,Bid,Ask,Volume,Open Interest,Time_to_Maturity,Option_Price
2024-06-21,5.0,167.8,171.5,173.1,1.0,2,0.013689253935660506,167.8
2024-06-21,25.0,132.08,151.0,151.8,,8,0.013689253935660506,132.08
2024-06-21,35.0,112.23,120.15,122.5,2.0,1,0.013689253935660506,112.23
2024-06-21,40.0,136.6,136.55,138.15,1.0,0,0.013689253935660506,136.6
2024-06-21,45.0,125.45,131.55,133.15,7.0,3,0.013689253935660506,125.45
2024-06-21,50.0,126.5,126.55,128.15,1.0,11,0.013689253935660506,126.5
2024-06-21,55.0,121.15,120.6,122.2,2.0,24,0.013689253935660506,121.15
2024-06-21,56.0,94.5,116.1,116.95,2.0,235,0.013689253935660506,94.5
2024-06-21,57.0,117.7,119.55,120.2,1.0,0,0.013689253935660506,117.7
2024-06-21,58.0,79.45,75.65,76.85,1.0,118,0.013689253935660506,79.45
2024-06-21,59.0,89.3,76.75,78.35,1.0,119,0.013689253935660506,89.3
2024-06-21,60.0,116.55,116.55,117.2,1.0,34,0.013689253935660506,116.55
2024-06-21,61.0,92.1,104.1,104.65,1.0,38,0.013689253935660506,92.1
2024-06-21,62.0,71.25,68.8,73.5,1.0,56,0.013689253935660506,71.25
2024-06-21,62.5,112.2,113.1,114.7,1.0,0,0.013689253935660506,112.2
2024-06-21,63.0,112.0,112.6,114.2,1.0,0,0.013689253935660506,112.0
2024-06-21,64.0,43.0,42.5,46.9,1.0,161,0.013689253935660506,43.0
2024-06-21,65.0,111.5,110.6,112.2,1.0,4,0.013689253935660506,111.5
2024-06-21,66.0,110.75,109.6,111.2,19.0,0,0.013689253935660506,110.75
2024-06-21,67.0,105.43,107.75,108.45,1.0,126,0.013689253935660506,105.43
2024-06-21,67.5,59.67,63.5,68.5,1.0,34,0.013689253935660506,59.67
2024-06-21,68.0,83.56,103.75,105.15,5.0,44,0.013689253935660506,83.56
2024-06-21,69.0,60.25,58.0,63.0,16.0,68,0.013689253935660506,60.25
2024-06-21,70.0,106.05,105.6,107.2,1.0,14,0.013689253935660506,106.05
2024-06-21,71.0,103.7,104.6,106.2,61.0,0,0.013689253935660506,103.7
2024-06-21,72.0,104.25,103.6,105.2,10.0,0,0.013689253935660506,104.25
2024-06-21,72.5,71.02,77.4,80.15,1.0,0,0.013689253935660506,71.02
2024-06-21,73.0,103.2,102.6,104.2,8.0,0,0.013689253935660506,103.2
2024-06-21,74.0,81.0,101.9,102.45,4.0,139,0.013689253935660506,81.0
2024-06-21,75.0,105.0,100.6,102.2,10.0,85,0.013689253935660506,105.0
2024-06-21,76.0,99.91,99.6,101.2,4.0,0,0.013689253935660506,99.91
2024-06-21,77.0,94.75,98.6,100.2,1.0,0,0.013689253935660506,94.75
2024-06-21,77.5,51.21,55.05,60.0,66.0,79,0.013689253935660506,51.21
2024-06-21,78.0,50.8,54.55,59.5,48.0,161,0.013689253935660506,50.8
2024-06-21,79.0,68.0,57.05,58.7,1.0,179,0.013689253935660506,68.0
2024-06-21,80.0,97.5,96.6,97.2,6.0,20,0.013689253935660506,97.5
2024-06-21,81.0,61.12,65.65,69.5,43.0,303,0.013689253935660506,61.12
2024-06-21,82.0,63.45,58.5,61.75,40.0,17,0.013689253935660506,63.45
2024-06-21,82.5,41.83,52.0,57.0,1.0,31,0.013689253935660506,41.83
2024-06-21,83.0,55.1,49.75,54.05,1.0,50,0.013689253935660506,55.1
2024-06-21,84.0,59.95,56.85,60.25,1.0,272,0.013689253935660506,59.95
2024-06-21,85.0,91.41,91.6,93.2,2.0,8,0.013689253935660506,91.41
2024-06-21,86.0,65.5,58.1,61.2,4.0,178,0.013689253935660506,65.5
2024-06-21,87.0,87.86,89.6,91.2,20.0,45,0.013689253935660506,87.86
2024-06-21,87.5,87.2,88.15,90.7,1.0,21,0.013689253935660506,87.2
2024-06-21,88.0,60.82,65.7,69.05,1.0,75,0.013689253935660506,60.82
2024-06-21,89.0,50.48,51.55,53.15,4.0,113,0.013689253935660506,50.48
2024-06-21,90.0,86.15,86.6,88.2,2.0,269,0.013689253935660506,86.15
2024-06-21,91.0,44.29,63.8,65.7,2.0,311,0.013689253935660506,44.29
2024-06-21,92.0,78.2,84.6,86.2,1.0,197,0.013689253935660506,78.2
2024-06-21,92.5,82.55,83.2,85.7,10.0,144,0.013689253935660506,82.55
2024-06-21,93.0,82.07,83.6,85.2,10.0,563,0.013689253935660506,82.07
2024-06-21,94.0,77.7,81.65,84.2,1.0,104,0.013689253935660506,77.7
2024-06-21,95.0,81.23,81.6,83.2,5.0,352,0.013689253935660506,81.23
2024-06-21,96.0,59.35,78.4,81.4,1.0,418,0.013689253935660506,59.35
2024-06-21,97.0,75.87,79.6,81.2,5.0,459,0.013689253935660506,75.87
2024-06-21,97.5,79.8,78.15,79.75,1.0,397,0.013689253935660506,79.8
2024-06-21,98.0,76.1,77.65,79.25,1.0,486,0.013689253935660506,76.1
2024-06-21,99.0,77.44,76.65,78.25,1.0,155,0.013689253935660506,77.44
2024-06-21,100.0,76.7,75.65,78.05,12.0,1612,0.013689253935660506,76.7
2024-06-21,102.5,73.67,73.15,74.75,5.0,659,0.013689253935660506,73.67
2024-06-21,105.0,71.55,71.6,72.25,6.0,2621,0.013689253935660506,71.55
2024-06-21,107.5,69.2,68.15,69.75,2.0,730,0.013689253935660506,69.2
2024-06-21,110.0,66.6,65.65,67.25,1.0,3344,0.013689253935660506,66.6
2024-06-21,112.5,64.1,63.15,64.75,1.0,947,0.013689253935660506,64.1
2024-06-21,115.0,61.74,60.65,62.25,5.0,1907,0.013689253935660506,61.74
2024-06-21,117.5,60.0,58.15,59.75,4.0,5534,0.013689253935660506,60.0
2024-06-21,120.0,56.69,55.65,57.25,130.0,7520,0.013689253935660506,56.69
2024-06-21,122.5,51.8,53.15,54.75,1.0,3209,0.013689253935660506,51.8
2024-06-21,125.0,51.24,50.65,52.25,97.0,5451,0.013689253935660506,51.24
2024-06-21,127.5,49.4,49.15,49.75,1.0,2732,0.013689253935660506,49.4
2024-06-21,130.0,46.34,46.65,47.3,91.0,6513,0.013689253935660506,46.34
2024-06-21,132.5,43.0,44.15,45.75,4.0,2727,0.013689253935660506,43.0
2024-06-21,135.0,41.7,41.65,43.25,195.0,4162,0.013689253935660506,41.7
2024-06-21,137.5,39.03,38.2,40.75,1.0,7977,0.013689253935660506,39.03
2024-06-21,140.0,36.9,36.65,37.3,137.0,11367,0.013689253935660506,36.9
2024-06-21,142.5,34.25,34.15,34.8,4.0,4797,0.013689253935660506,34.25
2024-06-21,145.0,32.0,31.65,32.3,55.0,5967,0.013689253935660506,32.0
2024-06-21,147.5,29.0,28.2,29.8,2.0,9305,0.013689253935660506,29.0
2024-06-21,150.0,26.75,25.7,27.3,95.0,8267,0.013689253935660506,26.75
2024-06-21,152.5,24.21,23.2,24.8,43.0,4833,0.013689253935660506,24.21
2024-06-21,155.0,21.78,21.3,22.3,80.0,9476,0.013689253935660506,21.78
2024-06-21,157.5,18.87,18.25,19.8,5.0,9211,0.013689253935660506,18.87
2024-06-21,160.0,16.8,15.75,17.35,156.0,14337,0.013689253935660506,16.8
2024-06-21,162.5,13.98,13.4,14.85,10.0,4425,0.013689253935660506,13.98
2024-06-21,165.0,12.01,10.1,12.4,78.0,6840,0.013689253935660506,12.01
2024-06-21,167.5,9.36,9.45,9.75,29.0,955,0.013689253935660506,9.36
2024-06-21,170.0,7.02,6.8,7.45,599.0,25556,0.013689253935660506,7.02
2024-06-21,172.5,4.95,4.9,5.1,165.0,2647,0.013689253935660506,4.95
2024-06-21,175.0,3.04,3.0,3.1,3075.0,15134,0.013689253935660506,3.04
2024-06-21,177.5,1.65,1.61,1.65,7420.0,5997,0.013689253935660506,1.65
2024-06-21,180.0,0.74,0.74,0.75,22131.0,18566,0.013689253935660506,0.74
2024-06-21,182.5,0.29,0.23,0.3,1915.0,5360,0.013689253935660506,0.29
2024-06-21,185.0,0.11,0.1,0.12,4396.0,13962,0.013689253935660506,0.11
2024-06-21,187.5,0.05,0.05,0.07,186.0,2229,0.013689253935660506,0.05
2024-06-21,190.0,0.04,0.03,0.05,382.0,9092,0.013689253935660506,0.04
2024-06-21,192.5,0.02,0.02,0.04,39.0,535,0.013689253935660506,0.02
2024-06-21,195.0,0.03,0.02,0.03,57.0,6097,0.013689253935660506,0.03
2024-06-21,197.5,0.01,0.01,0.03,14.0,277,0.013689253935660506,0.01
2024-06-21,200.0,0.02,0.01,0.03,120.0,10046,0.013689253935660506,0.02
2024-06-21,205.0,0.02,0.01,0.03,10.0,2317,0.013689253935660506,0.02
2024-06-21,210.0,0.02,0.0,0.03,107.0,4920,0.013689253935660506,0.02
2024-06-21,215.0,0.02,0.0,0.02,54.0,2528,0.013689253935660506,0.02
2024-06-21,220.0,0.02,0.0,0.02,23.0,3700,0.013689253935660506,0.02
2024-06-21,225.0,0.01,0.0,0.01,7.0,13428,0.013689253935660506,0.01
2024-06-21,230.0,0.01,0.0,0.01,6.0,1173,0.013689253935660506,0.01
2024-06-21,235.0,0.01,0.0,0.07,60.0,1956,0.013689253935660506,0.01
2024-06-21,240.0,0.02,0.0,0.07,1.0,1632,0.013689253935660506,0.02
2024-06-21,245.0,0.02,0.0,0.01,1.0,268,0.013689253935660506,0.02
2024-06-21,250.0,0.02,0.0,0.02,7.0,513,0.013689253935660506,0.02
2024-06-21,255.0,0.01,0.0,0.01,89.0,1709,0.013689253935660506,0.01
2024-06-21,260.0,0.01,0.0,0.01,15.0,1774,0.013689253935660506,0.01
2024-06-21,265.0,0.01,0.0,0.01,8.0,5621,0.013689253935660506,0.01
2024-06-21,270.0,0.01,0.0,0.01,45.0,115,0.013689253935660506,0.01
2024-06-21,275.0,0.01,0.0,0.01,5.0,25,0.013689253935660506,0.01
2024-06-21,280.0,0.01,0.0,0.02,,10,0.013689253935660506,0.01
2024-06-21,290.0,0.01,0.0,0.01,,100,0.013689253935660506,0.01
2024-06-21,295.0,0.01,0.0,0.01,,160,0.013689253935660506,0.01
2024-06-21,300.0,0.01,0.0,0.02,1.0,291,0.013689253935660506,0.01
2024-06-21,1120.0,1233.0,0.0,0.0,2.0,2,0.013689253935660506,1233.0
2024-06-21,1200.0,1173.55,0.0,0.0,1.0,18,0.013689253935660506,1173.55
2024-06-21,1250.0,1133.68,0.0,0.0,,1,0.013689253935660506,1133.68
2024-06-21,1280.0,1092.16,0.0,0.0,,0,0.013689253935660506,1092.16
2024-06-21,1300.0,1085.3,0.0,0.0,,0,0.013689253935660506,1085.3
2024-06-21,1350.0,1048.6,0.0,0.0,2.0,0,0.013689253935660506,1048.6
2024-06-21,1400.0,911.46,996.0,1015.0,2.0,0,0.013689253935660506,911.46
2024-06-21,1450.0,956.94,0.0,0.0,2.0,0,0.013689253935660506,956.94
2024-06-21,1500.0,979.01,0.0,0.0,1.0,1,0.013689253935660506,979.01
2024-06-21,1550.0,907.23,0.0,0.0,4.0,0,0.013689253935660506,907.23
2024-06-21,1600.0,866.21,0.0,0.0,,0,0.013689253935660506,866.21
2024-06-21,1650.0,739.24,811.5,830.5,2.0,0,0.013689253935660506,739.24
2024-06-21,1660.0,750.45,0.0,0.0,,1,0.013689253935660506,750.45
2024-06-21,1700.0,793.28,0.0,0.0,1.0,2,0.013689253935660506,793.28
2024-06-21,1750.0,699.19,743.0,762.0,2.0,1,0.013689253935660506,699.19
2024-06-21,1800.0,729.5,0.0,0.0,,3,0.013689253935660506,729.5
2024-06-21,1850.0,764.45,0.0,0.0,,1,0.013689253935660506,764.45
2024-06-21,1860.0,610.36,0.0,0.0,,1,0.013689253935660506,610.36
2024-06-21,1900.0,649.81,0.0,0.0,8.0,13,0.013689253935660506,649.81
2024-06-21,1920.0,720.75,0.0,0.0,,3,0.013689253935660506,720.75
2024-06-21,1950.0,619.36,0.0,0.0,8.0,9,0.013689253935660506,619.36
2024-06-21,1980.0,592.02,0.0,0.0,,1,0.013689253935660506,592.02
2024-06-21,2000.0,595.0,0.0,0.0,6.0,11,0.013689253935660506,595.0
2024-06-21,2050.0,555.74,0.0,0.0,1.0,1,0.013689253935660506,555.74
2024-06-21,2100.0,560.0,0.0,0.0,2.0,6,0.013689253935660506,560.0
2024-06-21,2150.0,568.41,0.0,0.0,1.0,3,0.013689253935660506,568.41
2024-06-21,2200.0,493.55,0.0,0.0,1.0,5,0.013689253935660506,493.55
2024-06-21,2250.0,470.0,0.0,0.0,1.0,7,0.013689253935660506,470.0
2024-06-21,2300.0,445.5,0.0,0.0,5.0,12,0.013689253935660506,445.5
2024-06-21,2350.0,390.0,0.0,0.0,1.0,12,0.013689253935660506,390.0
2024-06-21,2400.0,396.0,0.0,0.0,3.0,7,0.013689253935660506,396.0
2024-06-21,2450.0,439.72,0.0,0.0,2.0,4,0.013689253935660506,439.72
2024-06-21,2500.0,356.41,0.0,0.0,1.0,6,0.013689253935660506,356.41
2024-06-21,2600.0,293.6,0.0,0.0,3.0,5,0.013689253935660506,293.6
2024-06-21,2650.0,302.0,0.0,0.0,1.0,2,0.013689253935660506,302.0
2024-06-21,2700.0,286.64,0.0,0.0,,32,0.013689253935660506,286.64
2024-06-21,2800.0,250.0,0.0,0.0,1.0,4,0.013689253935660506,250.0
2024-06-21,2950.0,226.22,0.0,0.0,,6,0.013689253935660506,226.22
2024-06-21,3000.0,193.0,0.0,0.0,4.0,14,0.013689253935660506,193.0
2024-06-21,3050.0,178.68,0.0,0.0,1.0,2,0.013689253935660506,178.68
2024-06-21,3100.0,174.0,0.0,0.0,1.0,41,0.013689253935660506,174.0
2024-06-21,3150.0,164.0,0.0,0.0,1.0,6,0.013689253935660506,164.0
2024-06-21,3200.0,152.18,0.0,0.0,2.0,4,0.013689253935660506,152.18
2024-06-21,3250.0,200.0,0.0,0.0,1.0,4,0.013689253935660506,200.0
2024-06-21,3300.0,111.34,0.0,0.0,1.0,6,0.013689253935660506,111.34
2024-06-21,3400.0,121.4,0.0,0.0,2.0,34,0.013689253935660506,121.4
2024-06-21,3500.0,105.5,0.0,0.0,5.0,41,0.013689253935660506,105.5
2024-06-28,75.0,100.5,101.6,102.4,,1,0.03285420944558522,100.5
2024-06-28,80.0,95.25,96.6,97.4,1.0,1,0.03285420944558522,95.25
2024-06-28,90.0,84.54,86.65,87.45,,1,0.03285420944558522,84.54
2024-06-28,95.0,81.59,81.65,82.45,1.0,1,0.03285420944558522,81.59
2024-06-28,100.0,76.76,76.65,77.45,5.0,6,0.03285420944558522,76.76
2024-06-28,105.0,71.82,71.65,72.45,,2,0.03285420944558522,71.82
2024-06-28,110.0,67.0,66.7,67.45,1.0,6,0.03285420944558522,67.0
2024-06-28,115.0,61.97,61.7,62.5,2.0,53,0.03285420944558522,61.97
2024-06-28,120.0,56.55,56.7,57.5,10.0,51,0.03285420944558522,56.55
2024-06-28,125.0,49.95,51.7,52.4,1.0,27,0.03285420944558522,49.95
2024-06-28,130.0,46.5,46.7,47.5,1.0,3,0.03285420944558522,46.5
2024-06-28,135.0,41.5,41.75,42.55,1.0,2,0.03285420944558522,41.5
2024-06-28,140.0,36.86,36.8,37.45,1.0,44,0.03285420944558522,36.86
2024-06-28,145.0,31.92,31.75,32.45,3.0,20,0.03285420944558522,31.92
2024-06-28,150.0,27.25,26.8,27.6,59.0,21,0.03285420944558522,27.25
2024-06-28,155.0,21.95,21.85,22.45,5.0,31,0.03285420944558522,21.95
2024-06-28,157.5,18.07,19.45,20.15,1.0,1,0.03285420944558522,18.07
2024-06-28,160.0,16.59,16.9,17.7,2.0,1002,0.03285420944558522,16.59
2024-06-28,162.5,12.95,14.45,15.25,,2,0.03285420944558522,12.95
2024-06-28,165.0,12.3,12.3,12.55,11.0,210,0.03285420944558522,12.3
2024-06-28,167.5,9.69,9.95,10.4,51.0,200,0.03285420944558522,9.69
2024-06-28,170.0,7.38,7.75,8.25,91.0,1971,0.03285420944558522,7.38
2024-06-28,172.5,5.7,5.75,5.95,251.0,197,0.03285420944558522,5.7
2024-06-28,175.0,4.1,4.05,4.2,684.0,1103,0.03285420944558522,4.1
2024-06-28,177.5,2.73,2.61,2.78,680.0,844,0.03285420944558522,2.73
2024-06-28,180.0,1.63,1.5,1.7,2492.0,1959,0.03285420944558522,1.63
2024-06-28,182.5,0.94,0.95,1.0,562.0,263,0.03285420944558522,0.94
2024-06-28,185.0,0.53,0.5,0.56,834.0,2430,0.03285420944558522,0.53
2024-06-28,187.5,0.28,0.26,0.29,38.0,214,0.03285420944558522,0.28
2024-06-28,190.0,0.16,0.14,0.16,113.0,1109,0.03285420944558522,0.16
2024-06-28,192.5,0.09,0.07,0.12,30.0,76,0.03285420944558522,0.09
2024-06-28,195.0,0.05,0.05,0.09,28.0,2419,0.03285420944558522,0.05
2024-06-28,197.5,0.05,0.03,0.07,1.0,261,0.03285420944558522,0.05
2024-06-28,200.0,0.04,0.02,0.05,73.0,692,0.03285420944558522,0.04
2024-06-28,205.0,0.04,0.02,0.03,22.0,51,0.03285420944558522,0.04
2024-06-28,210.0,0.03,0.0,0.04,2.0,566,0.03285420944558522,0.03
2024-06-28,215.0,0.03,0.0,0.04,1.0,4,0.03285420944558522,0.03
2024-06-28,220.0,0.03,0.0,0.04,41.0,44,0.03285420944558522,0.03
2024-06-28,225.0,0.04,0.0,0.04,1.0,15,0.03285420944558522,0.04
2024-06-28,230.0,0.04,0.0,0.44,1.0,2,0.03285420944558522,0.04
2024-06-28,240.0,0.08,0.0,0.23,,1,0.03285420944558522,0.08
2024-07-05,75.0,99.63,101.7,102.5,1.0,1,0.05201916495550993,99.63
2024-07-05,85.0,88.35,91.7,92.55,6.0,6,0.05201916495550993,88.35
2024-07-05,90.0,86.12,86.75,87.55,4.0,4,0.05201916495550993,86.12
2024-07-05,105.0,70.87,71.8,72.6,1.0,1,0.05201916495550993,70.87
2024-07-05,110.0,66.89,66.8,67.6,,1,0.05201916495550993,66.89
2024-07-05,115.0,60.01,61.8,62.6,1.0,1,0.05201916495550993,60.01
2024-07-05,120.0,54.01,56.85,57.6,10.0,15,0.05201916495550993,54.01
2024-07-05,135.0,42.45,41.9,42.65,,1,0.05201916495550993,42.45
2024-07-05,140.0,37.7,36.95,37.65,5.0,8,0.05201916495550993,37.7
2024-07-05,145.0,32.47,31.95,32.7,1.0,1,0.05201916495550993,32.47
2024-07-05,150.0,24.9,27.0,27.8,2.0,15,0.05201916495550993,24.9
2024-07-05,155.0,22.6,22.05,22.85,1.0,3,0.05201916495550993,22.6
2024-07-05,160.0,17.27,16.35,18.85,1.0,61,0.05201916495550993,17.27
2024-07-05,165.0,12.35,11.6,13.9,23.0,67,0.05201916495550993,12.35
2024-07-05,170.0,7.95,8.25,8.6,171.0,534,0.05201916495550993,7.95
2024-07-05,175.0,4.5,4.7,4.9,497.0,772,0.05201916495550993,4.5
2024-07-05,180.0,2.28,2.25,2.65,522.0,954,0.05201916495550993,2.28
2024-07-05,185.0,0.87,0.87,0.97,517.0,647,0.05201916495550993,0.87
2024-07-05,190.0,0.31,0.29,0.35,569.0,712,0.05201916495550993,0.31
2024-07-05,195.0,0.15,0.1,0.15,26.0,850,0.05201916495550993,0.15
2024-07-05,200.0,0.11,0.05,0.1,4.0,196,0.05201916495550993,0.11
2024-07-05,205.0,0.06,0.02,0.07,21.0,42,0.05201916495550993,0.06
2024-07-05,210.0,0.05,0.01,0.07,402.0,402,0.05201916495550993,0.05
2024-07-05,215.0,0.05,0.0,0.06,,1,0.05201916495550993,0.05
2024-07-05,220.0,0.05,0.0,0.05,4.0,11,0.05201916495550993,0.05
2024-07-05,225.0,0.01,0.0,0.05,1.0,1,0.05201916495550993,0.01
2024-07-12,100.0,75.47,76.85,77.65,4.0,13,0.07118412046543464,75.47
2024-07-12,105.0,71.85,71.9,72.75,2.0,2,0.07118412046543464,71.85
2024-07-12,140.0,37.95,37.05,37.95,1.0,2,0.07118412046543464,37.95
2024-07-12,145.0,32.38,32.15,32.9,1.0,3,0.07118412046543464,32.38
2024-07-12,150.0,27.13,27.15,27.95,1.0,16,0.07118412046543464,27.13
2024-07-12,155.0,22.4,21.45,23.15,2.0,1,0.07118412046543464,22.4
2024-07-12,160.0,17.47,17.7,18.2,4.0,131,0.07118412046543464,17.47
2024-07-12,165.0,12.85,13.1,13.55,12.0,85,0.07118412046543464,12.85
2024-07-12,170.0,8.93,8.9,9.35,38.0,106,0.07118412046543464,8.93
2024-07-12,175.0,5.5,5.45,5.7,153.0,533,0.07118412046543464,5.5
2024-07-12,180.0,3.01,2.96,3.15,252.0,579,0.07118412046543464,3.01
2024-07-12,185.0,1.46,0.8,1.55,689.0,571,0.07118412046543464,1.46
2024-07-12,190.0,0.58,0.57,0.69,31.0,385,0.07118412046543464,0.58
2024-07-12,195.0,0.23,0.24,0.28,36.0,134,0.07118412046543464,0.23
2024-07-12,200.0,0.12,0.1,0.17,79.0,63,0.07118412046543464,0.12
2024-07-12,205.0,0.06,0.03,0.13,2.0,31,0.07118412046543464,0.06
2024-07-12,210.0,0.06,0.02,0.11,1.0,1,0.07118412046543464,0.06
2024-07-12,215.0,0.05,0.0,0.1,57.0,57,0.07118412046543464,0.05
2024-07-12,220.0,0.1,0.0,0.29,,1,0.07118412046543464,0.1
2024-07-19,70.0,106.1,105.9,107.55,1.0,3,0.09034907597535935,106.1
2024-07-19,75.0,67.86,77.75,80.9,1.0,3,0.09034907597535935,67.86
2024-07-19,80.0,95.6,95.95,97.6,8.0,21,0.09034907597535935,95.6
2024-07-19,85.0,74.69,89.2,91.0,2.0,11,0.09034907597535935,74.69
2024-07-19,90.0,76.13,80.7,84.8,5.0,10,0.09034907597535935,76.13
2024-07-19,95.0,72.19,79.65,81.2,4.0,73,0.09034907597535935,72.19
2024-07-19,100.0,73.52,77.05,77.75,1.0,330,0.09034907597535935,73.52
2024-07-19,105.0,69.68,72.05,72.8,175.0,1308,0.09034907597535935,69.68
2024-07-19,110.0,65.55,67.1,67.8,100.0,167,0.09034907597535935,65.55
2024-07-19,115.0,62.2,61.15,62.8,2.0,187,0.09034907597535935,62.2
2024-07-19,120.0,57.0,57.15,57.8,2.0,417,0.09034907597535935,57.0
2024-07-19,125.0,52.27,52.2,52.95,25.0,412,0.09034907597535935,52.27
2024-07-19,130.0,46.81,46.25,47.95,44.0,815,0.09034907597535935,46.81
2024-07-19,135.0,41.79,42.25,43.0,4.0,662,0.09034907597535935,41.79
2024-07-19,140.0,37.47,37.3,38.05,109.0,4346,0.09034907597535935,37.47
2024-07-19,145.0,32.21,32.35,33.1,1.0,2144,0.09034907597535935,32.21
2024-07-19,150.0,27.25,26.5,28.2,9.0,2662,0.09034907597535935,27.25
2024-07-19,155.0,22.32,21.6,23.8,3.0,4248,0.09034907597535935,22.32
2024-07-19,160.0,18.0,17.0,19.35,7.0,7166,0.09034907597535935,18.0
2024-07-19,165.0,13.44,13.55,13.8,54.0,5952,0.09034907597535935,13.44
2024-07-19,170.0,9.6,9.55,9.7,250.0,12698,0.09034907597535935,9.6
2024-07-19,175.0,6.2,6.15,6.25,553.0,17815,0.09034907597535935,6.2
2024-07-19,180.0,3.65,3.6,3.7,2108.0,10525,0.09034907597535935,3.65
2024-07-19,185.0,1.92,1.91,1.97,805.0,7290,0.09034907597535935,1.92
2024-07-19,190.0,0.95,0.91,1.0,1172.0,9624,0.09034907597535935,0.95
2024-07-19,195.0,0.46,0.39,0.46,1037.0,5935,0.09034907597535935,0.46
2024-07-19,200.0,0.23,0.2,0.24,774.0,5252,0.09034907597535935,0.23
2024-07-19,205.0,0.12,0.1,0.15,16.0,277,0.09034907597535935,0.12
2024-07-19,210.0,0.08,0.06,0.11,1.0,530,0.09034907597535935,0.08
2024-07-19,215.0,0.03,0.04,0.09,1.0,209,0.09034907597535935,0.03
2024-07-19,220.0,0.04,0.02,0.07,13.0,341,0.09034907597535935,0.04
2024-07-19,225.0,0.05,0.0,0.06,1.0,104,0.09034907597535935,0.05
2024-07-19,230.0,0.03,0.0,0.07,23.0,632,0.09034907597535935,0.03
2024-07-19,235.0,0.04,0.0,0.1,1.0,312,0.09034907597535935,0.04
2024-07-19,240.0,0.04,0.01,0.1,10.0,100,0.09034907597535935,0.04
2024-07-19,265.0,0.02,0.0,0.09,11.0,157,0.09034907597535935,0.02
2024-07-19,280.0,0.01,0.0,0.22,,3,0.09034907597535935,0.01
2024-07-19,290.0,0.02,0.0,0.08,,50,0.09034907597535935,0.02
2024-07-19,295.0,0.01,0.0,0.22,1.0,1,0.09034907597535935,0.01
2024-07-19,300.0,0.05,0.0,0.19,,2,0.09034907597535935,0.05
2024-07-26,75.0,102.8,101.45,102.9,1.0,1,0.10951403148528405,102.8
2024-07-26,80.0,96.9,96.5,97.9,1.0,1,0.10951403148528405,96.9
2024-07-26,105.0,72.1,71.6,73.1,10.0,10,0.10951403148528405,72.1
2024-07-26,125.0,51.71,51.75,53.25,1.0,1,0.10951403148528405,51.71
2024-07-26,130.0,46.79,46.85,48.4,2.0,2,0.10951403148528405,46.79
2024-07-26,135.0,42.47,41.8,43.5,2.0,4,0.10951403148528405,42.47
2024-07-26,140.0,37.46,36.85,38.6,2.0,3,0.10951403148528405,37.46
2024-07-26,145.0,32.75,31.95,33.65,2.0,2,0.10951403148528405,32.75
2024-07-26,150.0,28.62,27.45,29.4,,18,0.10951403148528405,28.62
2024-07-26,155.0,23.35,22.6,24.9,1.0,11,0.10951403148528405,23.35
2024-07-26,160.0,19.13,18.6,19.7,1.0,12,0.10951403148528405,19.13
2024-07-26,165.0,14.83,13.95,15.45,3.0,16,0.10951403148528405,14.83
2024-07-26,170.0,11.39,10.95,12.15,19.0,49,0.10951403148528405,11.39
2024-07-26,175.0,8.2,7.25,8.65,23.0,173,0.10951403148528405,8.2
2024-07-26,180.0,5.7,5.2,5.9,134.0,359,0.10951403148528405,5.7
2024-07-26,185.0,4.1,3.45,3.95,183.0,166,0.10951403148528405,4.1
2024-07-26,190.0,2.48,2.32,2.5,21.0,84,0.10951403148528405,2.48
2024-07-26,195.0,1.45,1.12,1.8,158.0,194,0.10951403148528405,1.45
2024-07-26,200.0,0.92,0.75,1.0,115.0,143,0.10951403148528405,0.92
2024-07-26,205.0,0.6,0.52,0.63,5.0,30,0.10951403148528405,0.6
2024-07-26,210.0,0.33,0.3,0.53,12.0,16,0.10951403148528405,0.33
2024-07-26,215.0,0.27,0.09,0.89,4.0,8,0.10951403148528405,0.27
2024-07-26,220.0,0.2,0.04,0.75,8.0,8,0.10951403148528405,0.2
2024-07-26,225.0,0.16,0.02,0.65,4.0,4,0.10951403148528405,0.16
2024-07-26,235.0,0.12,0.0,0.6,12.0,6,0.10951403148528405,0.12
2024-08-02,150.0,27.35,27.5,30.35,2.0,2,0.12867898699520877,27.35
2024-08-02,155.0,23.55,23.35,24.35,2.0,2,0.12867898699520877,23.55
2024-08-02,160.0,19.5,18.95,21.95,1.0,1,0.12867898699520877,19.5
2024-08-02,165.0,14.5,15.4,16.55,1.0,2,0.12867898699520877,14.5
2024-08-02,175.0,8.75,8.75,9.6,10.0,12,0.12867898699520877,8.75
2024-08-02,180.0,6.46,6.15,6.5,11.0,44,0.12867898699520877,6.46
2024-08-02,185.0,4.32,4.1,4.75,118.0,11,0.12867898699520877,4.32
2024-08-02,190.0,3.05,2.69,3.95,8.0,8,0.12867898699520877,3.05
2024-08-02,200.0,1.49,0.98,1.48,2.0,4,0.12867898699520877,1.49
2024-08-02,205.0,0.99,0.62,0.95,20.0,101,0.12867898699520877,0.99
2024-08-16,25.0,149.25,150.8,152.5,11.0,12,0.16700889801505817,149.25
2024-08-16,40.0,101.0,116.5,120.3,3.0,3,0.16700889801505817,101.0
2024-08-16,50.0,123.67,126.0,127.75,1.0,45,0.16700889801505817,123.67
2024-08-16,70.0,109.5,106.2,107.95,1.0,9,0.16700889801505817,109.5
2024-08-16,90.0,84.5,86.4,88.15,8.0,160,0.16700889801505817,84.5
2024-08-16,95.0,82.35,81.5,83.2,20.0,13,0.16700889801505817,82.35
2024-08-16,100.0,77.75,76.55,79.05,1.0,233,0.16700889801505817,77.75
2024-08-16,105.0,72.5,71.6,73.35,1.0,5,0.16700889801505817,72.5
2024-08-16,110.0,68.81,66.65,68.3,3.0,111,0.16700889801505817,68.81
2024-08-16,115.0,52.27,56.5,60.65,7.0,127,0.16700889801505817,52.27
2024-08-16,120.0,58.1,56.8,59.45,1.0,336,0.16700889801505817,58.1
2024-08-16,125.0,53.15,51.9,54.55,25.0,503,0.16700889801505817,53.15
2024-08-16,130.0,47.8,47.0,49.65,6.0,622,0.16700889801505817,47.8
2024-08-16,135.0,43.1,42.15,44.8,2.0,4408,0.16700889801505817,43.1
2024-08-16,140.0,38.35,37.35,40.0,1.0,2696,0.16700889801505817,38.35
2024-08-16,145.0,33.0,31.65,34.25,3.0,5557,0.16700889801505817,33.0
2024-08-16,150.0,28.63,27.85,29.55,2.0,2140,0.16700889801505817,28.63
2024-08-16,155.0,24.4,24.6,25.05,54.0,2744,0.16700889801505817,24.4
2024-08-16,160.0,20.2,20.3,20.85,40.0,1708,0.16700889801505817,20.2
2024-08-16,165.0,16.31,16.4,16.9,56.0,6946,0.16700889801505817,16.31
2024-08-16,170.0,12.73,12.85,13.05,199.0,3092,0.16700889801505817,12.73
2024-08-16,175.0,9.75,9.8,9.95,562.0,6864,0.16700889801505817,9.75
2024-08-16,180.0,7.3,7.25,7.4,728.0,7075,0.16700889801505817,7.3
2024-08-16,185.0,5.15,5.15,5.3,231.0,5063,0.16700889801505817,5.15
2024-08-16,190.0,3.61,3.65,3.7,277.0,3651,0.16700889801505817,3.61
2024-08-16,195.0,2.4,1.91,2.76,58.0,2572,0.16700889801505817,2.4
2024-08-16,200.0,1.6,1.59,1.86,440.0,4211,0.16700889801505817,1.6
2024-08-16,205.0,1.05,1.03,1.11,205.0,928,0.16700889801505817,1.05
2024-08-16,210.0,0.71,0.67,0.73,14.0,1507,0.16700889801505817,0.71
2024-08-16,215.0,0.46,0.45,0.55,31.0,356,0.16700889801505817,0.46
2024-08-16,220.0,0.37,0.29,0.36,4.0,291,0.16700889801505817,0.37
2024-08-16,225.0,0.23,0.2,0.27,1.0,275,0.16700889801505817,0.23
2024-08-16,230.0,0.18,0.15,0.21,3.0,56,0.16700889801505817,0.18
2024-08-16,235.0,0.12,0.1,0.18,2.0,237,0.16700889801505817,0.12
2024-08-16,240.0,0.1,0.08,0.14,2.0,267,0.16700889801505817,0.1
2024-08-16,245.0,0.07,0.06,0.13,13.0,174,0.16700889801505817,0.07
2024-08-16,250.0,0.08,0.03,0.12,1.0,457,0.16700889801505817,0.08
2024-08-16,255.0,0.05,0.03,0.1,1.0,307,0.16700889801505817,0.05
2024-08-16,260.0,0.07,0.02,0.1,200.0,159,0.16700889801505817,0.07
2024-08-16,265.0,0.06,0.02,0.08,1.0,149,0.16700889801505817,0.06
2024-08-16,270.0,0.05,0.02,0.08,300.0,263,0.16700889801505817,0.05
2024-08-16,275.0,0.05,0.02,0.07,528.0,2505,0.16700889801505817,0.05
2024-08-16,280.0,0.05,0.0,0.12,100.0,46,0.16700889801505817,0.05
2024-08-16,285.0,0.03,0.0,0.13,2.0,198,0.16700889801505817,0.03
2024-08-16,290.0,0.02,0.0,0.12,1.0,2,0.16700889801505817,0.02
2024-08-16,295.0,0.03,0.01,0.05,100.0,100,0.16700889801505817,0.03
2024-08-16,300.0,0.03,0.0,0.12,1.0,1,0.16700889801505817,0.03
2024-09-20,25.0,146.1,151.55,152.4,1.0,102,0.26283367556468173,146.1
2024-09-20,30.0,146.8,145.95,147.7,1.0,137,0.26283367556468173,146.8
2024-09-20,35.0,75.73,82.5,87.5,2.0,5,0.26283367556468173,75.73
2024-09-20,40.0,102.25,111.6,115.6,1.0,4,0.26283367556468173,102.25
2024-09-20,45.0,126.57,131.85,132.65,5.0,24,0.26283367556468173,126.57
2024-09-20,50.0,128.19,126.2,127.95,1.0,39,0.26283367556468173,128.19
2024-09-20,55.0,99.97,0.0,0.0,1.0,81,0.26283367556468173,99.97
2024-09-20,60.0,117.1,116.3,118.05,3.0,76,0.26283367556468173,117.1
2024-09-20,65.0,68.38,88.65,89.5,150.0,212,0.26283367556468173,68.38
2024-09-20,70.0,106.05,106.4,108.2,1.0,334,0.26283367556468173,106.05
2024-09-20,75.0,102.23,101.5,104.25,1.0,162,0.26283367556468173,102.23
2024-09-20,80.0,97.85,96.7,98.35,4.0,685,0.26283367556468173,97.85
2024-09-20,85.0,80.33,86.6,88.85,2.0,330,0.26283367556468173,80.33
2024-09-20,90.0,79.27,85.25,86.0,1.0,561,0.26283367556468173,79.27
2024-09-20,95.0,82.45,81.85,84.6,4.0,208,0.26283367556468173,82.45
2024-09-20,100.0,74.0,76.95,79.7,1.0,202,0.26283367556468173,74.0
2024-09-20,105.0,73.4,72.05,74.8,2.0,423,0.26283367556468173,73.4
2024-09-20,110.0,68.38,67.15,69.9,2.0,309,0.26283367556468173,68.38
2024-09-20,115.0,61.91,62.25,65.05,2.0,531,0.26283367556468173,61.91
2024-09-20,120.0,59.1,57.35,59.1,11.0,867,0.26283367556468173,59.1
2024-09-20,125.0,53.75,52.5,55.3,2.0,4168,0.26283367556468173,53.75
2024-09-20,130.0,49.5,47.7,50.5,6.0,2698,0.26283367556468173,49.5
2024-09-20,135.0,43.85,42.9,45.7,6.0,3126,0.26283367556468173,43.85
2024-09-20,140.0,39.45,38.35,39.7,37.0,5741,0.26283367556468173,39.45
2024-09-20,145.0,35.15,33.7,35.1,25.0,3993,0.26283367556468173,35.15
2024-09-20,150.0,30.26,30.3,30.55,25.0,9172,0.26283367556468173,30.26
2024-09-20,155.0,25.82,25.85,26.25,23.0,4195,0.26283367556468173,25.82
2024-09-20,160.0,21.74,21.7,22.4,27.0,5795,0.26283367556468173,21.74
2024-09-20,165.0,18.15,17.3,18.4,14.0,4217,0.26283367556468173,18.15
2024-09-20,170.0,14.65,14.55,15.0,49.0,5139,0.26283367556468173,14.65
2024-09-20,175.0,11.75,11.75,11.9,229.0,8478,0.26283367556468173,11.75
2024-09-20,180.0,9.25,9.15,9.3,595.0,8505,0.26283367556468173,9.25
2024-09-20,185.0,6.97,7.0,7.15,146.0,3832,0.26283367556468173,6.97
2024-09-20,190.0,5.25,5.25,5.4,115.0,4443,0.26283367556468173,5.25
2024-09-20,195.0,3.85,3.85,4.0,136.0,1625,0.26283367556468173,3.85
2024-09-20,200.0,2.76,2.7,2.9,147.0,7502,0.26283367556468173,2.76
2024-09-20,205.0,1.99,1.55,2.04,311.0,2148,0.26283367556468173,1.99
2024-09-20,210.0,1.42,1.4,1.54,6.0,2072,0.26283367556468173,1.42
2024-09-20,215.0,1.05,0.99,1.08,1.0,790,0.26283367556468173,1.05
2024-09-20,220.0,0.74,0.71,0.77,18.0,729,0.26283367556468173,0.74
2024-09-20,225.0,0.48,0.52,0.59,1.0,842,0.26283367556468173,0.48
2024-09-20,230.0,0.44,0.36,0.48,3.0,578,0.26283367556468173,0.44
2024-09-20,235.0,0.34,0.16,0.38,2.0,1036,0.26283367556468173,0.34
2024-09-20,240.0,0.31,0.22,0.31,1.0,1558,0.26283367556468173,0.31
2024-09-20,245.0,0.25,0.01,0.27,1.0,82,0.26283367556468173,0.25
2024-09-20,250.0,0.21,0.14,0.23,1.0,202,0.26283367556468173,0.21
2024-09-20,255.0,0.16,0.11,0.2,1.0,5735,0.26283367556468173,0.16
2024-09-20,260.0,0.18,0.09,0.17,2.0,446,0.26283367556468173,0.18
2024-09-20,265.0,0.11,0.07,0.16,1.0,2213,0.26283367556468173,0.11
2024-09-20,270.0,0.08,0.05,0.16,1.0,423,0.26283367556468173,0.08
2024-09-20,275.0,0.08,0.04,0.13,9.0,148,0.26283367556468173,0.08
2024-09-20,280.0,0.08,0.04,0.12,200.0,443,0.26283367556468173,0.08
2024-09-20,285.0,0.1,0.04,0.1,5.0,511,0.26283367556468173,0.1
2024-09-20,290.0,0.04,0.04,0.1,100.0,120,0.26283367556468173,0.04
2024-09-20,295.0,0.1,0.02,0.1,1.0,201,0.26283367556468173,0.1
2024-09-20,300.0,0.05,0.03,0.17,1.0,341,0.26283367556468173,0.05
2024-10-18,70.0,109.85,106.7,108.55,1.0,21,0.3394934976043806,109.85
2024-10-18,85.0,70.1,90.25,92.1,2.0,4,0.3394934976043806,70.1
2024-10-18,90.0,46.2,67.5,68.5,2.0,0,0.3394934976043806,46.2
2024-10-18,95.0,86.09,82.3,84.1,4.0,5,0.3394934976043806,86.09
2024-10-18,100.0,78.77,77.4,79.25,2.0,9,0.3394934976043806,78.77
2024-10-18,105.0,74.35,72.5,75.35,1.0,6,0.3394934976043806,74.35
2024-10-18,110.0,68.67,67.65,70.5,1.0,8,0.3394934976043806,68.67
2024-10-18,115.0,65.05,62.8,65.65,1.0,32,0.3394934976043806,65.05
2024-10-18,120.0,57.46,58.0,60.85,1.0,97,0.3394934976043806,57.46
2024-10-18,125.0,54.21,53.2,56.05,1.0,292,0.3394934976043806,54.21
2024-10-18,130.0,49.84,48.4,51.25,4.0,459,0.3394934976043806,49.84
2024-10-18,135.0,44.5,43.7,46.5,2.0,527,0.3394934976043806,44.5
2024-10-18,140.0,39.85,40.1,40.6,2.0,650,0.3394934976043806,39.85
2024-10-18,145.0,33.3,34.5,36.1,3.0,545,0.3394934976043806,33.3
2024-10-18,150.0,31.2,31.35,31.95,2.0,1263,0.3394934976043806,31.2
2024-10-18,155.0,27.97,27.2,27.5,19.0,1013,0.3394934976043806,27.97
2024-10-18,160.0,23.5,23.0,23.8,5.0,1771,0.3394934976043806,23.5
2024-10-18,165.0,19.45,19.55,19.9,1.0,3172,0.3394934976043806,19.45
2024-10-18,170.0,15.9,16.25,16.45,18.0,1345,0.3394934976043806,15.9
2024-10-18,175.0,13.15,13.25,13.95,86.0,972,0.3394934976043806,13.15
2024-10-18,180.0,10.6,10.65,10.8,33.0,983,0.3394934976043806,10.6
2024-10-18,185.0,8.4,8.4,8.6,329.0,982,0.3394934976043806,8.4
2024-10-18,190.0,6.45,6.55,6.7,8.0,1575,0.3394934976043806,6.45
2024-10-18,195.0,5.02,5.05,5.6,16.0,425,0.3394934976043806,5.02
2024-10-18,200.0,3.85,3.8,3.95,53.0,1345,0.3394934976043806,3.85
2024-10-18,210.0,2.13,2.14,2.23,11.0,485,0.3394934976043806,2.13
2024-10-18,220.0,1.21,1.17,1.26,32.0,846,0.3394934976043806,1.21
2024-10-18,230.0,0.71,0.7,0.75,6.0,609,0.3394934976043806,0.71
2024-10-18,240.0,0.44,0.38,0.47,1.0,493,0.3394934976043806,0.44
2024-10-18,250.0,0.3,0.25,0.35,1.0,424,0.3394934976043806,0.3
2024-10-18,260.0,0.2,0.17,0.28,1.0,25,0.3394934976043806,0.2
2024-10-18,265.0,0.18,0.14,0.25,3.0,123,0.3394934976043806,0.18
2024-10-18,270.0,0.2,0.11,0.22,4.0,110,0.3394934976043806,0.2
2024-10-18,275.0,0.19,0.07,0.2,5.0,105,0.3394934976043806,0.19
2024-10-18,280.0,0.14,0.08,0.18,10.0,1390,0.3394934976043806,0.14
2024-10-18,285.0,0.18,0.06,0.17,1.0,195,0.3394934976043806,0.18
2024-10-18,290.0,0.12,0.05,0.16,2.0,264,0.3394934976043806,0.12
2024-10-18,295.0,0.12,0.04,0.14,50.0,250,0.3394934976043806,0.12
2024-10-18,300.0,0.07,0.04,0.13,2.0,20,0.3394934976043806,0.07
2024-11-15,50.0,124.04,126.55,128.4,1.0,2,0.4161533196440794,124.04
2024-11-15,55.0,82.5,97.9,99.85,1.0,1,0.4161533196440794,82.5
2024-11-15,70.0,68.96,83.5,85.45,2.0,1,0.4161533196440794,68.96
2024-11-15,75.0,101.78,102.2,104.05,3.0,4,0.4161533196440794,101.78
2024-11-15,80.0,59.64,74.0,75.9,2.0,1,0.4161533196440794,59.64
2024-11-15,85.0,89.57,90.65,93.65,2.0,2,0.4161533196440794,89.57
2024-11-15,100.0,69.93,76.55,78.25,5.0,11,0.4161533196440794,69.93
2024-11-15,105.0,37.24,48.9,52.2,,1,0.4161533196440794,37.24
2024-11-15,110.0,67.93,68.3,71.15,25.0,57,0.4161533196440794,67.93
2024-11-15,115.0,47.88,63.2,66.65,1.0,41,0.4161533196440794,47.88
2024-11-15,120.0,61.17,58.75,61.6,5.0,142,0.4161533196440794,61.17
2024-11-15,125.0,55.36,54.05,56.75,1.0,306,0.4161533196440794,55.36
2024-11-15,130.0,48.3,50.45,51.2,5.0,272,0.4161533196440794,48.3
2024-11-15,135.0,45.15,43.75,46.45,2.0,190,0.4161533196440794,45.15
2024-11-15,140.0,41.2,40.3,41.95,24.0,495,0.4161533196440794,41.2
2024-11-15,145.0,36.65,37.1,37.45,5.0,1063,0.4161533196440794,36.65
2024-11-15,150.0,32.45,32.9,33.3,22.0,564,0.4161533196440794,32.45
2024-11-15,155.0,27.65,28.9,29.55,10.0,357,0.4161533196440794,27.65
2024-11-15,160.0,24.8,25.15,25.5,18.0,863,0.4161533196440794,24.8
2024-11-15,165.0,21.35,21.75,22.05,5.0,2415,0.4161533196440794,21.35
2024-11-15,170.0,18.51,18.45,18.75,3.0,1033,0.4161533196440794,18.51
2024-11-15,175.0,15.6,15.55,15.85,21.0,558,0.4161533196440794,15.6
2024-11-15,180.0,13.0,12.95,13.15,33.0,1665,0.4161533196440794,13.0
2024-11-15,185.0,10.55,10.7,10.85,16.0,1518,0.4161533196440794,10.55
2024-11-15,190.0,8.62,8.2,8.9,3.0,2601,0.4161533196440794,8.62
2024-11-15,195.0,6.97,7.05,7.2,5.0,760,0.4161533196440794,6.97
2024-11-15,200.0,5.65,5.55,5.8,7.0,1877,0.4161533196440794,5.65
2024-11-15,210.0,3.57,3.0,3.7,2.0,1017,0.4161533196440794,3.57
2024-11-15,220.0,2.2,2.19,2.37,35.0,828,0.4161533196440794,2.2
2024-11-15,230.0,1.41,1.39,1.49,5.0,355,0.4161533196440794,1.41
2024-11-15,240.0,0.92,0.9,1.01,9.0,124,0.4161533196440794,0.92
2024-11-15,250.0,0.64,0.57,0.71,21.0,70,0.4161533196440794,0.64
2024-11-15,260.0,0.42,0.38,0.53,1.0,35,0.4161533196440794,0.42
2024-11-15,265.0,0.48,0.0,0.0,,3,0.4161533196440794,0.48
2024-11-15,270.0,0.37,0.27,0.41,13.0,11,0.4161533196440794,0.37
2024-11-15,275.0,0.38,0.23,0.37,,2,0.4161533196440794,0.38
2024-11-15,280.0,0.25,0.2,0.34,21.0,262,0.4161533196440794,0.25
2024-11-15,295.0,0.23,0.13,0.23,200.0,101,0.4161533196440794,0.23
2024-11-15,300.0,0.2,0.11,0.23,1.0,30,0.4161533196440794,0.2
2024-12-20,45.0,105.82,90.85,94.4,1.0,111,0.5119780971937029,105.82
2024-12-20,50.0,122.54,124.75,127.75,1.0,162,0.5119780971937029,122.54
2024-12-20,55.0,59.38,53.5,58.5,2.0,4,0.5119780971937029,59.38
2024-12-20,60.0,116.5,117.0,118.9,1.0,146,0.5119780971937029,116.5
2024-12-20,65.0,104.7,110.55,111.45,10.0,185,0.5119780971937029,104.7
2024-12-20,70.0,103.75,105.45,108.45,36.0,210,0.5119780971937029,103.75
2024-12-20,75.0,99.1,100.6,103.6,41.0,103,0.5119780971937029,99.1
2024-12-20,80.0,72.5,77.45,79.15,1.0,110,0.5119780971937029,72.5
2024-12-20,85.0,82.98,87.5,91.55,1.0,98,0.5119780971937029,82.98
2024-12-20,90.0,87.72,87.95,90.85,1.0,120,0.5119780971937029,87.72
2024-12-20,95.0,82.63,83.1,86.0,1.0,80,0.5119780971937029,82.63
2024-12-20,100.0,79.2,78.3,79.95,2.0,727,0.5119780971937029,79.2
2024-12-20,105.0,70.8,71.85,74.85,46.0,580,0.5119780971937029,70.8
2024-12-20,110.0,70.9,68.75,71.65,1.0,237,0.5119780971937029,70.9
2024-12-20,115.0,61.4,64.05,66.95,1.0,863,0.5119780971937029,61.4
2024-12-20,120.0,60.48,59.35,62.25,1.0,473,0.5119780971937029,60.48
2024-12-20,125.0,55.65,54.7,57.6,1.0,710,0.5119780971937029,55.65
2024-12-20,130.0,51.3,51.15,51.85,1.0,556,0.5119780971937029,51.3
2024-12-20,135.0,45.41,45.6,47.4,5.0,6622,0.5119780971937029,45.41
2024-12-20,140.0,42.21,41.25,43.1,7.0,1754,0.5119780971937029,42.21
2024-12-20,145.0,38.1,37.95,38.85,2.0,4496,0.5119780971937029,38.1
2024-12-20,150.0,34.32,34.15,34.45,15.0,1633,0.5119780971937029,34.32
2024-12-20,155.0,30.6,30.25,30.7,7.0,2524,0.5119780971937029,30.6
2024-12-20,160.0,26.3,26.6,27.05,15.0,5626,0.5119780971937029,26.3
2024-12-20,165.0,23.1,22.9,23.45,4.0,3587,0.5119780971937029,23.1
2024-12-20,170.0,19.65,20.0,20.5,16.0,2825,0.5119780971937029,19.65
2024-12-20,175.0,17.03,16.9,17.35,8.0,2232,0.5119780971937029,17.03
2024-12-20,180.0,14.5,14.5,14.75,17.0,4371,0.5119780971937029,14.5
2024-12-20,185.0,12.1,12.2,12.4,9.0,6606,0.5119780971937029,12.1
2024-12-20,190.0,10.19,10.15,10.5,33.0,2024,0.5119780971937029,10.19
2024-12-20,195.0,8.42,8.45,8.6,5.0,2932,0.5119780971937029,8.42
2024-12-20,200.0,6.92,6.95,7.1,28.0,4383,0.5119780971937029,6.92
2024-12-20,205.0,5.65,5.65,5.9,1.0,1434,0.5119780971937029,5.65
2024-12-20,210.0,4.7,4.6,4.75,1.0,1797,0.5119780971937029,4.7
2024-12-20,215.0,3.3,3.7,3.95,1.0,883,0.5119780971937029,3.3
2024-12-20,220.0,3.01,3.0,3.15,120.0,1026,0.5119780971937029,3.01
2024-12-20,225.0,2.35,2.43,2.54,1.0,568,0.5119780971937029,2.35
2024-12-20,230.0,1.85,1.97,2.13,1.0,407,0.5119780971937029,1.85
2024-12-20,235.0,1.66,1.61,1.73,5.0,572,0.5119780971937029,1.66
2024-12-20,240.0,1.35,1.32,1.46,3.0,893,0.5119780971937029,1.35
2024-12-20,245.0,1.12,1.09,1.36,1.0,575,0.5119780971937029,1.12
2024-12-20,250.0,0.98,0.91,1.0,2.0,262,0.5119780971937029,0.98
2024-12-20,255.0,0.99,0.75,0.86,5.0,154,0.5119780971937029,0.99
2024-12-20,260.0,0.66,0.6,0.75,5.0,365,0.5119780971937029,0.66
2024-12-20,265.0,0.62,0.49,0.67,1.0,1138,0.5119780971937029,0.62
2024-12-20,270.0,0.5,0.42,0.59,1.0,9,0.5119780971937029,0.5
2024-12-20,275.0,0.5,0.36,0.53,2.0,42,0.5119780971937029,0.5
2024-12-20,280.0,0.43,0.31,0.48,1.0,1,0.5119780971937029,0.43
2024-12-20,285.0,0.4,0.27,0.44,1.0,2,0.5119780971937029,0.4
2024-12-20,290.0,0.45,0.24,0.4,2.0,2,0.5119780971937029,0.45
2024-12-20,295.0,0.29,0.21,0.37,1.0,5,0.5119780971937029,0.29
2024-12-20,300.0,0.25,0.19,0.34,22.0,43,0.5119780971937029,0.25
2025-01-17,45.0,129.97,131.75,133.65,2.0,2171,0.5886379192334018,129.97
2025-01-17,50.0,127.8,126.95,128.75,1.0,3676,0.5886379192334018,127.8
2025-01-17,55.0,122.7,122.1,123.95,1.0,504,0.5886379192334018,122.7
2025-01-17,60.0,118.5,117.3,119.1,1.0,507,0.5886379192334018,118.5
2025-01-17,65.0,104.53,109.85,112.65,80.0,375,0.5886379192334018,104.53
2025-01-17,70.0,107.8,106.65,109.55,10.0,697,0.5886379192334018,107.8
2025-01-17,75.0,103.36,102.85,104.75,2.0,268,0.5886379192334018,103.36
2025-01-17,80.0,100.0,98.05,99.9,1.0,1414,0.5886379192334018,100.0
2025-01-17,85.0,93.35,93.2,95.15,1.0,1386,0.5886379192334018,93.35
2025-01-17,90.0,89.6,88.45,89.95,1.0,2331,0.5886379192334018,89.6
2025-01-17,95.0,80.3,83.65,86.55,2.0,1974,0.5886379192334018,80.3
2025-01-17,100.0,82.0,78.9,81.8,1.0,4690,0.5886379192334018,82.0
2025-01-17,105.0,76.1,74.15,77.05,1.0,2047,0.5886379192334018,76.1
2025-01-17,110.0,74.2,69.4,72.3,4.0,3474,0.5886379192334018,74.2
2025-01-17,115.0,66.67,64.7,67.55,1.0,1132,0.5886379192334018,66.67
2025-01-17,120.0,61.45,60.05,62.95,3.0,5289,0.5886379192334018,61.45
2025-01-17,125.0,56.45,56.45,57.15,55.0,5486,0.5886379192334018,56.45
2025-01-17,130.0,52.25,50.9,52.8,32.0,4328,0.5886379192334018,52.25
2025-01-17,135.0,47.04,46.45,48.05,3.0,6162,0.5886379192334018,47.04
2025-01-17,140.0,43.25,41.2,43.6,34.0,6236,0.5886379192334018,43.25
2025-01-17,145.0,38.69,38.1,39.5,1.0,6765,0.5886379192334018,38.69
2025-01-17,150.0,35.1,35.1,35.4,46.0,18982,0.5886379192334018,35.1
2025-01-17,155.0,30.8,31.3,31.6,51.0,7472,0.5886379192334018,30.8
2025-01-17,160.0,27.65,27.5,28.1,49.0,12827,0.5886379192334018,27.65
2025-01-17,165.0,24.2,24.3,24.6,128.0,7393,0.5886379192334018,24.2
2025-01-17,170.0,21.2,21.15,21.4,71.0,20039,0.5886379192334018,21.2
2025-01-17,175.0,18.2,18.25,18.5,72.0,4435,0.5886379192334018,18.2
2025-01-17,180.0,15.6,15.65,15.95,60.0,12393,0.5886379192334018,15.6
2025-01-17,185.0,13.15,13.25,13.55,48.0,9304,0.5886379192334018,13.15
2025-01-17,190.0,11.2,11.25,11.55,438.0,6016,0.5886379192334018,11.2
2025-01-17,195.0,9.35,9.45,9.75,25.0,5150,0.5886379192334018,9.35
2025-01-17,200.0,7.9,7.9,8.1,700.0,66672,0.5886379192334018,7.9
2025-01-17,205.0,6.45,6.05,6.75,605.0,1547,0.5886379192334018,6.45
2025-01-17,210.0,5.4,5.45,5.7,522.0,6016,0.5886379192334018,5.4
2025-01-17,215.0,4.37,4.5,4.7,5.0,2282,0.5886379192334018,4.37
2025-01-17,220.0,3.77,3.7,3.85,34.0,54257,0.5886379192334018,3.77
2025-01-17,225.0,3.1,3.05,3.2,2.0,1444,0.5886379192334018,3.1
2025-01-17,230.0,2.55,2.54,2.7,12.0,1667,0.5886379192334018,2.55
2025-01-17,235.0,2.19,2.11,2.25,2.0,2981,0.5886379192334018,2.19
2025-01-17,240.0,1.8,1.75,1.87,5.0,989,0.5886379192334018,1.8
2025-01-17,245.0,1.63,1.47,1.59,2.0,1189,0.5886379192334018,1.63
2025-01-17,250.0,1.27,1.22,1.32,3.0,1040,0.5886379192334018,1.27
2025-01-17,255.0,1.11,1.04,1.15,2.0,505,0.5886379192334018,1.11
2025-01-17,260.0,0.83,0.89,0.99,4.0,722,0.5886379192334018,0.83
2025-01-17,265.0,0.83,0.76,0.85,50.0,2176,0.5886379192334018,0.83
2025-01-17,270.0,0.76,0.57,0.77,10.0,250,0.5886379192334018,0.76
2025-01-17,280.0,0.62,0.43,0.61,4.0,78,0.5886379192334018,0.62
2025-01-17,290.0,0.42,0.32,0.51,3.0,60,0.5886379192334018,0.42
2025-01-17,300.0,0.33,0.25,0.43,11.0,3837,0.5886379192334018,0.33
2025-01-17,310.0,0.27,0.2,0.37,10.0,20,0.5886379192334018,0.27
2025-01-17,320.0,0.35,0.16,0.33,1.0,8,0.5886379192334018,0.35
2025-01-17,330.0,0.21,0.12,0.22,5.0,114,0.5886379192334018,0.21
2025-01-17,340.0,0.18,0.13,0.26,209.0,257,0.5886379192334018,0.18
2025-03-21,70.0,108.42,107.4,111.15,1.0,1,0.7611225188227242,108.42
2025-03-21,75.0,103.75,102.6,106.4,20.0,26,0.7611225188227242,103.75
2025-03-21,80.0,93.73,98.2,100.35,2.0,16,0.7611225188227242,93.73
2025-03-21,85.0,69.16,75.6,79.2,2.0,1,0.7611225188227242,69.16
2025-03-21,90.0,90.1,88.4,91.95,1.0,1,0.7611225188227242,90.1
2025-03-21,100.0,81.45,79.05,82.8,3.0,16,0.7611225188227242,81.45
2025-03-21,105.0,56.9,74.2,77.8,6.0,66,0.7611225188227242,56.9
2025-03-21,110.0,69.05,69.7,73.35,2.0,19,0.7611225188227242,69.05
2025-03-21,115.0,67.22,65.1,68.7,10.0,45,0.7611225188227242,67.22
2025-03-21,120.0,60.91,61.75,63.1,1.0,108,0.7611225188227242,60.91
2025-03-21,125.0,57.5,57.4,59.1,10.0,77,0.7611225188227242,57.5
2025-03-21,130.0,53.2,52.8,54.85,1.0,38,0.7611225188227242,53.2
2025-03-21,135.0,46.2,48.6,50.3,4.0,65,0.7611225188227242,46.2
2025-03-21,140.0,45.2,44.3,46.55,6.0,189,0.7611225188227242,45.2
2025-03-21,145.0,40.82,40.35,42.3,1.0,53,0.7611225188227242,40.82
2025-03-21,150.0,37.41,36.45,38.55,5.0,271,0.7611225188227242,37.41
2025-03-21,155.0,33.19,32.9,34.65,4.0,1946,0.7611225188227242,33.19
2025-03-21,160.0,29.05,30.0,31.65,4.0,760,0.7611225188227242,29.05
2025-03-21,165.0,27.25,26.4,28.0,8.0,466,0.7611225188227242,27.25
2025-03-21,170.0,23.8,23.45,24.4,117.0,421,0.7611225188227242,23.8
2025-03-21,175.0,21.08,21.25,22.55,285.0,814,0.7611225188227242,21.08
2025-03-21,180.0,18.65,18.65,19.5,14.0,1315,0.7611225188227242,18.65
2025-03-21,185.0,15.67,16.0,16.7,4.0,711,0.7611225188227242,15.67
2025-03-21,190.0,14.25,13.9,14.6,3.0,1480,0.7611225188227242,14.25
2025-03-21,195.0,12.15,12.05,12.85,1.0,251,0.7611225188227242,12.15
2025-03-21,200.0,10.58,10.6,11.25,5.0,813,0.7611225188227242,10.58
2025-03-21,205.0,8.13,9.1,9.55,3.0,150,0.7611225188227242,8.13
2025-03-21,210.0,7.8,7.8,8.4,2.0,217,0.7611225188227242,7.8
2025-03-21,215.0,6.4,6.65,7.1,21.0,284,0.7611225188227242,6.4
2025-03-21,220.0,5.8,5.65,6.0,21.0,430,0.7611225188227242,5.8
2025-03-21,225.0,5.26,4.8,5.35,71.0,275,0.7611225188227242,5.26
2025-03-21,230.0,4.39,4.1,4.5,5.0,99,0.7611225188227242,4.39
2025-03-21,240.0,3.08,2.83,3.55,16.0,80,0.7611225188227242,3.08
2025-03-21,250.0,2.26,2.2,2.61,2.0,25,0.7611225188227242,2.26
2025-03-21,260.0,1.63,1.64,2.02,1.0,224,0.7611225188227242,1.63
2025-03-21,270.0,1.23,1.25,1.38,2.0,272,0.7611225188227242,1.23
2025-03-21,280.0,1.07,0.91,1.23,3.0,25,0.7611225188227242,1.07
2025-03-21,290.0,0.39,0.56,1.04,2.0,76,0.7611225188227242,0.39
2025-03-21,300.0,0.6,0.42,0.87,1.0,4,0.7611225188227242,0.6
2025-03-21,310.0,1.1,0.32,0.75,,1,0.7611225188227242,1.1
2025-03-21,320.0,1.03,0.24,0.66,,1,0.7611225188227242,1.03
2025-03-21,330.0,0.8,0.18,0.55,,4,0.7611225188227242,0.8
2025-03-21,340.0,0.92,0.14,0.49,,6,0.7611225188227242,0.92
2025-06-20,25.0,152.48,150.5,155.0,3.0,36,1.0102669404517455,152.48
2025-06-20,30.0,124.23,134.0,138.5,1.0,2,1.0102669404517455,124.23
2025-06-20,35.0,72.77,70.0,75.0,1.0,11,1.0102669404517455,72.77
2025-06-20,40.0,131.51,136.0,140.5,1.0,9,1.0102669404517455,131.51
2025-06-20,45.0,100.06,92.65,97.45,5.0,29,1.0102669404517455,100.06
2025-06-20,50.0,122.9,126.5,131.0,2.0,108,1.0102669404517455,122.9
2025-06-20,55.0,98.03,100.0,105.0,1.0,91,1.0102669404517455,98.03
2025-06-20,60.0,83.17,92.1,96.95,1.0,47,1.0102669404517455,83.17
2025-06-20,65.0,96.1,112.2,116.95,2.0,34,1.0102669404517455,96.1
2025-06-20,70.0,109.3,108.0,112.45,2.0,135,1.0102669404517455,109.3
2025-06-20,75.0,106.0,103.8,107.4,4.0,101,1.0102669404517455,106.0
2025-06-20,80.0,100.05,98.55,102.9,1.0,157,1.0102669404517455,100.05
2025-06-20,85.0,85.6,93.0,98.0,10.0,167,1.0102669404517455,85.6
2025-06-20,90.0,91.04,89.2,93.35,6.0,1423,1.0102669404517455,91.04
2025-06-20,95.0,87.75,84.8,88.5,7.0,1742,1.0102669404517455,87.75
2025-06-20,100.0,80.64,80.65,84.45,3.0,849,1.0102669404517455,80.64
2025-06-20,105.0,76.88,75.6,79.95,1.0,355,1.0102669404517455,76.88
2025-06-20,110.0,71.62,71.05,75.3,1.0,623,1.0102669404517455,71.62
2025-06-20,115.0,68.4,67.95,69.95,2.0,591,1.0102669404517455,68.4
2025-06-20,120.0,64.35,62.75,66.25,1.0,761,1.0102669404517455,64.35
2025-06-20,125.0,63.0,58.2,61.7,2.0,1062,1.0102669404517455,63.0
2025-06-20,130.0,55.8,54.5,57.5,2.0,1173,1.0102669404517455,55.8
2025-06-20,135.0,51.53,50.5,54.5,2.0,890,1.0102669404517455,51.53
2025-06-20,140.0,48.0,47.7,49.1,10.0,2596,1.0102669404517455,48.0
2025-06-20,145.0,44.25,43.85,44.95,11.0,1746,1.0102669404517455,44.25
2025-06-20,150.0,40.77,39.65,41.1,7.0,917,1.0102669404517455,40.77
2025-06-20,155.0,36.7,36.6,38.9,2.0,1448,1.0102669404517455,36.7
2025-06-20,160.0,34.0,32.4,34.25,4.0,7149,1.0102669404517455,34.0
2025-06-20,165.0,30.4,30.3,31.25,4.0,3231,1.0102669404517455,30.4
2025-06-20,170.0,27.8,27.9,29.05,184.0,18413,1.0102669404517455,27.8
2025-06-20,175.0,25.06,24.8,25.85,39.0,1367,1.0102669404517455,25.06
2025-06-20,180.0,22.62,22.05,23.3,10.0,1099,1.0102669404517455,22.62
2025-06-20,185.0,20.5,19.5,21.05,5.0,642,1.0102669404517455,20.5
2025-06-20,190.0,17.88,17.65,18.4,12.0,7779,1.0102669404517455,17.88
2025-06-20,195.0,15.75,14.8,16.7,2.0,762,1.0102669404517455,15.75
2025-06-20,200.0,14.07,14.0,15.35,55.0,6113,1.0102669404517455,14.07
2025-06-20,205.0,12.55,10.35,13.0,77.0,1250,1.0102669404517455,12.55
2025-06-20,210.0,11.3,10.85,11.35,10.0,6345,1.0102669404517455,11.3
2025-06-20,215.0,9.5,7.65,10.2,2.0,3318,1.0102669404517455,9.5
2025-06-20,220.0,9.2,8.35,9.55,4.0,6201,1.0102669404517455,9.2
2025-06-20,225.0,7.6,7.3,8.7,4.0,3039,1.0102669404517455,7.6
2025-06-20,230.0,6.8,6.4,6.65,1.0,508,1.0102669404517455,6.8
2025-06-20,235.0,5.64,5.6,6.0,1.0,658,1.0102669404517455,5.64
2025-06-20,240.0,4.85,4.9,5.3,5.0,1354,1.0102669404517455,4.85
2025-06-20,245.0,4.65,4.25,4.7,1.0,188,1.0102669404517455,4.65
2025-06-20,250.0,3.7,3.75,4.15,1.0,3573,1.0102669404517455,3.7
2025-06-20,255.0,3.7,2.4,3.8,57.0,599,1.0102669404517455,3.7
2025-06-20,260.0,3.15,1.77,4.25,7.0,1065,1.0102669404517455,3.15
2025-06-20,265.0,2.8,2.55,3.4,6.0,2921,1.0102669404517455,2.8
2025-06-20,270.0,2.4,1.81,2.63,1.0,148,1.0102669404517455,2.4
2025-06-20,280.0,1.85,1.58,2.1,10.0,701,1.0102669404517455,1.85
2025-06-20,290.0,2.4,0.98,2.61,1.0,29,1.0102669404517455,2.4
2025-06-20,300.0,1.3,0.53,2.43,2.0,584,1.0102669404517455,1.3
2025-06-20,310.0,1.1,0.56,2.36,61.0,63,1.0102669404517455,1.1
2025-06-20,320.0,1.01,0.0,3.05,1.0,1,1.0102669404517455,1.01
2025-06-20,330.0,0.97,0.01,2.9,,2,1.0102669404517455,0.97
2025-06-20,340.0,0.75,0.01,1.0,6.0,126,1.0102669404517455,0.75
2025-09-19,25.0,148.25,150.5,155.0,14.0,10,1.2594113620807665,148.25
2025-09-19,50.0,99.6,87.05,91.5,,1,1.2594113620807665,99.6
2025-09-19,75.0,104.85,104.05,108.4,10.0,10,1.2594113620807665,104.85
2025-09-19,80.0,66.0,75.0,80.0,1.0,1,1.2594113620807665,66.0
2025-09-19,85.0,92.11,94.65,98.8,2.0,3,1.2594113620807665,92.11
2025-09-19,90.0,86.88,88.55,93.45,2.0,23,1.2594113620807665,86.88
2025-09-19,95.0,79.99,83.6,88.45,2.0,251,1.2594113620807665,79.99
2025-09-19,100.0,77.61,81.9,84.2,2.0,24,1.2594113620807665,77.61
2025-09-19,105.0,75.01,77.0,81.4,2.0,13,1.2594113620807665,75.01
2025-09-19,110.0,56.85,73.65,75.35,2.0,2,1.2594113620807665,56.85
2025-09-19,115.0,66.89,69.25,71.8,1.0,17,1.2594113620807665,66.89
2025-09-19,120.0,62.8,65.0,68.35,1.0,16,1.2594113620807665,62.8
2025-09-19,125.0,58.0,60.9,63.35,3.0,14,1.2594113620807665,58.0
2025-09-19,130.0,56.77,56.95,58.95,1.0,22,1.2594113620807665,56.77
2025-09-19,135.0,47.1,48.5,52.3,1.0,9,1.2594113620807665,47.1
2025-09-19,140.0,50.2,50.05,52.35,2.0,33,1.2594113620807665,50.2
2025-09-19,145.0,46.2,46.45,48.35,2.0,73,1.2594113620807665,46.2
2025-09-19,150.0,42.93,43.0,45.35,2.0,145,1.2594113620807665,42.93
2025-09-19,155.0,40.35,39.55,41.2,5.0,89,1.2594113620807665,40.35
2025-09-19,160.0,36.34,36.5,38.05,1.0,227,1.2594113620807665,36.34
2025-09-19,165.0,35.18,32.65,35.35,1.0,178,1.2594113620807665,35.18
2025-09-19,170.0,30.86,30.25,32.15,3.0,156,1.2594113620807665,30.86
2025-09-19,175.0,28.1,28.0,29.3,1.0,178,1.2594113620807665,28.1
2025-09-19,180.0,25.66,25.05,26.3,6.0,219,1.2594113620807665,25.66
2025-09-19,185.0,23.98,23.1,24.1,3.0,61,1.2594113620807665,23.98
2025-09-19,190.0,22.47,20.5,22.9,5.0,127,1.2594113620807665,22.47
2025-09-19,195.0,19.5,18.7,20.55,1.0,43,1.2594113620807665,19.5
2025-09-19,200.0,16.55,16.6,17.85,14.0,1161,1.2594113620807665,16.55
2025-09-19,205.0,14.56,15.0,17.45,1.0,16,1.2594113620807665,14.56
2025-09-19,210.0,14.55,14.0,15.4,1.0,196,1.2594113620807665,14.55
2025-09-19,215.0,12.4,11.85,13.6,2.0,101,1.2594113620807665,12.4
2025-09-19,220.0,12.0,11.3,12.8,1.0,28,1.2594113620807665,12.0
2025-09-19,225.0,10.8,9.7,12.45,3.0,140,1.2594113620807665,10.8
2025-09-19,230.0,8.63,8.8,10.6,1.0,140,1.2594113620807665,8.63
2025-09-19,235.0,8.45,7.85,9.15,15.0,19,1.2594113620807665,8.45
2025-09-19,240.0,9.14,6.9,8.8,3.0,102,1.2594113620807665,9.14
2025-09-19,245.0,7.45,6.05,7.55,4.0,5,1.2594113620807665,7.45
2025-09-19,250.0,7.0,5.3,7.0,1.0,13,1.2594113620807665,7.0
2025-09-19,255.0,6.15,4.45,6.25,1.0,8,1.2594113620807665,6.15
2025-09-19,260.0,4.1,3.85,5.3,3.0,12,1.2594113620807665,4.1
2025-09-19,265.0,6.0,2.41,4.95,1.0,3,1.2594113620807665,6.0
2025-09-19,270.0,4.3,2.6,4.9,1.0,56,1.2594113620807665,4.3
2025-09-19,275.0,3.5,2.03,4.0,2.0,58,1.2594113620807665,3.5
2025-09-19,280.0,3.15,2.19,3.5,1.0,42,1.2594113620807665,3.15
2025-09-19,285.0,2.96,2.09,5.1,4.0,438,1.2594113620807665,2.96
2025-09-19,300.0,2.1,1.99,2.77,2.0,135,1.2594113620807665,2.1
2025-09-19,340.0,1.15,0.72,2.93,3.0,14,1.2594113620807665,1.15
2025-12-19,45.0,126.75,129.5,134.5,14.0,106,1.5085557837097878,126.75
2025-12-19,50.0,129.0,128.4,131.95,14.0,984,1.5085557837097878,129.0
2025-12-19,55.0,103.5,84.2,89.0,2.0,220,1.5085557837097878,103.5
2025-12-19,60.0,101.5,118.2,122.4,1.0,131,1.5085557837097878,101.5
2025-12-19,65.0,115.43,114.0,118.35,1.0,632,1.5085557837097878,115.43
2025-12-19,70.0,108.7,109.75,113.95,1.0,289,1.5085557837097878,108.7
2025-12-19,75.0,85.18,95.55,100.4,3.0,109,1.5085557837097878,85.18
2025-12-19,80.0,92.68,101.7,106.0,1.0,217,1.5085557837097878,92.68
2025-12-19,85.0,97.12,96.0,100.35,1.0,131,1.5085557837097878,97.12
2025-12-19,90.0,92.7,91.65,95.9,1.0,563,1.5085557837097878,92.7
2025-12-19,95.0,87.38,87.2,91.45,1.0,531,1.5085557837097878,87.38
2025-12-19,100.0,85.02,83.15,86.9,5.0,723,1.5085557837097878,85.02
2025-12-19,105.0,79.65,79.25,81.1,1.0,294,1.5085557837097878,79.65
2025-12-19,110.0,77.0,75.75,77.2,3.0,434,1.5085557837097878,77.0
2025-12-19,115.0,72.75,70.85,73.65,4.0,184,1.5085557837097878,72.75
2025-12-19,120.0,66.3,66.9,68.45,1.0,939,1.5085557837097878,66.3
2025-12-19,125.0,63.35,63.05,65.45,3.0,725,1.5085557837097878,63.35
2025-12-19,130.0,59.4,58.65,61.05,153.0,391,1.5085557837097878,59.4
2025-12-19,135.0,56.55,55.05,57.3,7.0,444,1.5085557837097878,56.55
2025-12-19,140.0,52.63,51.35,54.65,3.0,467,1.5085557837097878,52.63
2025-12-19,145.0,49.67,47.85,50.7,2.0,251,1.5085557837097878,49.67
2025-12-19,150.0,45.85,45.5,46.65,1.0,610,1.5085557837097878,45.85
2025-12-19,155.0,43.2,41.3,45.5,3.0,394,1.5085557837097878,43.2
2025-12-19,160.0,39.0,39.2,40.8,2.0,1353,1.5085557837097878,39.0
2025-12-19,165.0,38.12,35.85,37.7,1.0,4963,1.5085557837097878,38.12
2025-12-19,170.0,33.7,33.6,36.7,34.0,6362,1.5085557837097878,33.7
2025-12-19,175.0,30.95,30.85,32.5,11.0,428,1.5085557837097878,30.95
2025-12-19,180.0,28.95,28.6,31.6,4.0,2347,1.5085557837097878,28.95
2025-12-19,185.0,26.4,26.15,28.1,1.0,333,1.5085557837097878,26.4
2025-12-19,190.0,24.85,23.9,26.05,2.0,562,1.5085557837097878,24.85
2025-12-19,195.0,23.69,21.95,23.95,1.0,225,1.5085557837097878,23.69
2025-12-19,200.0,19.25,19.85,21.8,21.0,1463,1.5085557837097878,19.25
2025-12-19,205.0,18.9,18.5,20.1,3.0,230,1.5085557837097878,18.9
2025-12-19,210.0,16.5,16.6,18.05,1.0,433,1.5085557837097878,16.5
2025-12-19,215.0,15.8,15.1,18.45,40.0,293,1.5085557837097878,15.8
2025-12-19,220.0,13.6,13.75,17.0,1.0,2779,1.5085557837097878,13.6
2025-12-19,225.0,14.08,12.45,14.7,1.0,1352,1.5085557837097878,14.08
2025-12-19,230.0,12.7,11.25,12.65,1.0,234,1.5085557837097878,12.7
2025-12-19,235.0,11.09,10.25,11.55,1.0,314,1.5085557837097878,11.09
2025-12-19,240.0,9.95,9.55,11.4,10.0,465,1.5085557837097878,9.95
2025-12-19,245.0,9.32,8.6,9.9,1.0,90,1.5085557837097878,9.32
2025-12-19,250.0,8.55,7.5,9.2,6.0,404,1.5085557837097878,8.55
2025-12-19,255.0,7.4,7.2,7.95,4.0,130,1.5085557837097878,7.4
2025-12-19,260.0,7.37,6.25,7.8,1.0,527,1.5085557837097878,7.37
2025-12-19,265.0,6.1,5.65,7.2,4.0,3265,1.5085557837097878,6.1
2025-12-19,270.0,6.35,4.95,6.6,1.0,14,1.5085557837097878,6.35
2025-12-19,280.0,5.0,4.4,5.55,3.0,57,1.5085557837097878,5.0
2025-12-19,290.0,4.37,2.78,4.65,1.0,91,1.5085557837097878,4.37
2025-12-19,300.0,3.55,2.73,3.95,2.0,3916,1.5085557837097878,3.55
2025-12-19,320.0,1.95,1.62,2.64,22.0,11,1.5085557837097878,1.95
2025-12-19,330.0,2.4,1.23,2.4,2.0,0,1.5085557837097878,2.4
2025-12-19,340.0,1.89,1.12,2.31,1.0,24,1.5085557837097878,1.89
2026-01-16,45.0,130.94,132.0,136.5,1.0,431,1.5852156057494866,130.94
2026-01-16,50.0,125.0,126.2,130.3,1.0,39,1.5852156057494866,125.0
2026-01-16,55.0,119.84,121.6,125.95,20.0,31,1.5852156057494866,119.84
2026-01-16,60.0,119.71,118.55,122.9,2.0,48,1.5852156057494866,119.71
2026-01-16,65.0,99.5,109.15,113.5,1.0,27,1.5852156057494866,99.5
2026-01-16,70.0,102.0,107.5,112.0,1.0,61,1.5852156057494866,102.0
2026-01-16,75.0,106.49,105.1,109.95,5.0,51,1.5852156057494866,106.49
2026-01-16,80.0,101.25,100.55,105.45,2.0,112,1.5852156057494866,101.25
2026-01-16,85.0,98.0,96.1,100.45,2.0,76,1.5852156057494866,98.0
2026-01-16,90.0,92.0,91.8,95.95,1.0,87,1.5852156057494866,92.0
2026-01-16,95.0,87.99,87.8,91.2,2.0,262,1.5852156057494866,87.99
2026-01-16,100.0,84.66,83.5,86.95,1.0,496,1.5852156057494866,84.66
2026-01-16,105.0,80.56,79.65,81.65,1.0,52,1.5852156057494866,80.56
2026-01-16,110.0,77.95,75.45,77.25,1.0,107,1.5852156057494866,77.95
2026-01-16,115.0,74.33,70.65,74.2,1.0,74,1.5852156057494866,74.33
2026-01-16,120.0,68.91,67.35,70.25,5.0,663,1.5852156057494866,68.91
2026-01-16,125.0,65.25,63.0,65.45,9.0,374,1.5852156057494866,65.25
2026-01-16,130.0,60.0,60.0,61.55,2.0,711,1.5852156057494866,60.0
2026-01-16,135.0,56.65,55.75,58.85,7.0,3414,1.5852156057494866,56.65
2026-01-16,140.0,52.83,52.5,54.85,2.0,4127,1.5852156057494866,52.83
2026-01-16,145.0,48.25,48.7,51.8,5.0,6930,1.5852156057494866,48.25
2026-01-16,150.0,46.85,46.55,47.55,2.0,11034,1.5852156057494866,46.85
2026-01-16,155.0,44.65,43.3,45.4,10.0,2105,1.5852156057494866,44.65
2026-01-16,160.0,40.5,39.45,42.25,6.0,515,1.5852156057494866,40.5
2026-01-16,165.0,37.44,37.05,39.25,5.0,605,1.5852156057494866,37.44
2026-01-16,170.0,34.97,33.8,36.45,5.0,4362,1.5852156057494866,34.97
2026-01-16,175.0,32.79,31.8,33.05,4.0,2057,1.5852156057494866,32.79
2026-01-16,180.0,30.1,29.6,31.45,16.0,625,1.5852156057494866,30.1
2026-01-16,185.0,27.35,26.25,29.2,1.0,5353,1.5852156057494866,27.35
2026-01-16,190.0,25.61,24.4,26.85,42.0,1202,1.5852156057494866,25.61
2026-01-16,195.0,23.4,22.2,25.1,2.0,1072,1.5852156057494866,23.4
2026-01-16,200.0,21.55,21.2,22.95,55.0,1727,1.5852156057494866,21.55
2026-01-16,205.0,20.8,18.9,21.3,2.0,388,1.5852156057494866,20.8
2026-01-16,210.0,18.0,16.8,19.05,6.0,312,1.5852156057494866,18.0
2026-01-16,215.0,15.88,16.4,18.2,4.0,1109,1.5852156057494866,15.88
2026-01-16,220.0,14.9,14.8,16.45,2.0,2127,1.5852156057494866,14.9
2026-01-16,225.0,14.02,13.7,15.45,3.0,546,1.5852156057494866,14.02
2026-01-16,230.0,12.81,11.4,14.25,18.0,1131,1.5852156057494866,12.81
2026-01-16,235.0,11.62,11.3,13.15,2.0,129,1.5852156057494866,11.62
2026-01-16,240.0,10.0,10.4,11.6,1.0,3580,1.5852156057494866,10.0
2026-01-16,245.0,9.85,9.4,10.8,20.0,268,1.5852156057494866,9.85
2026-01-16,250.0,8.74,8.6,10.0,1.0,959,1.5852156057494866,8.74
2026-01-16,255.0,9.3,7.85,9.95,1.0,362,1.5852156057494866,9.3
2026-01-16,260.0,8.25,7.15,8.95,70.0,48506,1.5852156057494866,8.25
2026-01-16,265.0,7.0,6.5,9.0,10.0,1713,1.5852156057494866,7.0
2026-01-16,270.0,5.51,6.05,6.9,2.0,89,1.5852156057494866,5.51
2026-01-16,280.0,5.39,4.95,6.3,1.0,214,1.5852156057494866,5.39
2026-01-16,290.0,4.6,4.2,5.55,1.0,371,1.5852156057494866,4.6
2026-01-16,300.0,3.8,3.6,4.15,15.0,4290,1.5852156057494866,3.8
2026-01-16,310.0,3.0,2.08,4.45,2.0,14,1.5852156057494866,3.0
2026-01-16,320.0,2.98,2.07,5.0,1.0,15,1.5852156057494866,2.98
2026-01-16,330.0,2.5,1.42,2.87,3.0,11,1.5852156057494866,2.5
2026-01-16,340.0,2.19,1.58,2.43,10.0,121,1.5852156057494866,2.19
2026-06-18,50.0,129.6,128.55,132.95,14.0,15,2.004106776180698,129.6
2026-06-18,55.0,102.0,104.5,109.0,1.0,0,2.004106776180698,102.0
2026-06-18,60.0,83.72,87.0,91.5,5.0,5,2.004106776180698,83.72
2026-06-18,65.0,96.2,104.65,108.8,8.0,4,2.004106776180698,96.2
2026-06-18,70.0,85.3,92.0,96.5,1.0,1,2.004106776180698,85.3
2026-06-18,75.0,84.6,87.5,92.0,1.0,3,2.004106776180698,84.6
2026-06-18,80.0,69.6,70.5,75.0,1.0,1,2.004106776180698,69.6
2026-06-18,85.0,79.56,87.85,92.45,10.0,10,2.004106776180698,79.56
2026-06-18,90.0,95.72,93.55,97.95,2.0,251,2.004106776180698,95.72
2026-06-18,95.0,88.14,88.05,92.5,1.0,1,2.004106776180698,88.14
2026-06-18,100.0,87.4,85.7,88.6,10.0,53,2.004106776180698,87.4
2026-06-18,105.0,46.0,63.95,66.2,2.0,1,2.004106776180698,46.0
2026-06-18,110.0,79.7,77.55,80.8,1.0,34,2.004106776180698,79.7
2026-06-18,115.0,74.43,73.6,76.95,1.0,24,2.004106776180698,74.43
2026-06-18,120.0,73.4,69.7,73.25,1.0,5,2.004106776180698,73.4
2026-06-18,125.0,69.93,66.55,69.9,1.0,13,2.004106776180698,69.93
2026-06-18,130.0,64.0,62.65,66.25,2.0,65,2.004106776180698,64.0
2026-06-18,135.0,56.25,58.0,62.5,1.0,74,2.004106776180698,56.25
2026-06-18,140.0,56.85,56.15,59.2,64.0,293,2.004106776180698,56.85
2026-06-18,145.0,53.39,52.9,56.0,1.0,245,2.004106776180698,53.39
2026-06-18,150.0,54.49,49.85,52.95,1.0,1452,2.004106776180698,54.49
2026-06-18,155.0,48.0,46.7,50.1,2.0,33,2.004106776180698,48.0
2026-06-18,160.0,43.55,43.9,48.0,2.0,567,2.004106776180698,43.55
2026-06-18,165.0,42.26,40.9,44.45,3.0,40,2.004106776180698,42.26
2026-06-18,170.0,39.3,38.9,41.6,2.0,191,2.004106776180698,39.3
2026-06-18,175.0,36.42,35.05,38.45,2.0,72,2.004106776180698,36.42
2026-06-18,180.0,34.1,33.35,36.15,2.0,113,2.004106776180698,34.1
2026-06-18,185.0,32.29,32.35,33.85,1.0,235,2.004106776180698,32.29
2026-06-18,190.0,30.03,29.35,32.2,64.0,180,2.004106776180698,30.03
2026-06-18,195.0,28.1,26.85,30.05,5.0,24,2.004106776180698,28.1
2026-06-18,200.0,26.5,25.2,27.85,5.0,145,2.004106776180698,26.5
2026-06-18,205.0,22.5,23.1,25.8,1.0,48,2.004106776180698,22.5
2026-06-18,210.0,23.4,21.5,24.95,1.0,43,2.004106776180698,23.4
2026-06-18,215.0,21.48,19.8,22.35,5.0,14,2.004106776180698,21.48
2026-06-18,220.0,17.1,18.35,20.8,50.0,59,2.004106776180698,17.1
2026-06-18,225.0,18.25,17.0,19.45,2.0,41,2.004106776180698,18.25
2026-06-18,230.0,16.0,15.55,18.25,1.0,2,2.004106776180698,16.0
2026-06-18,235.0,15.8,15.35,16.65,1.0,16,2.004106776180698,15.8
2026-06-18,240.0,15.01,13.4,15.65,1.0,65,2.004106776180698,15.01
2026-06-18,245.0,14.55,12.25,14.85,1.0,6,2.004106776180698,14.55
2026-06-18,250.0,12.23,11.4,13.7,1.0,34,2.004106776180698,12.23
2026-06-18,255.0,12.0,11.55,12.85,3.0,15,2.004106776180698,12.0
2026-06-18,260.0,10.79,9.65,11.85,2.0,23,2.004106776180698,10.79
2026-06-18,265.0,9.55,8.95,11.1,1.0,192,2.004106776180698,9.55
2026-06-18,270.0,10.05,8.15,10.5,1.0,45,2.004106776180698,10.05
2026-06-18,280.0,8.87,6.95,9.3,2.0,33,2.004106776180698,8.87
2026-06-18,290.0,7.28,5.9,8.25,2.0,21,2.004106776180698,7.28
2026-06-18,300.0,6.5,4.95,7.1,1.0,964,2.004106776180698,6.5
2026-06-18,310.0,4.75,4.4,6.65,,5,2.004106776180698,4.75
2026-06-18,320.0,4.75,2.85,6.15,,20,2.004106776180698,4.75
2026-06-18,330.0,4.3,2.28,5.0,1.0,2,2.004106776180698,4.3
2026-06-18,340.0,3.75,3.15,3.9,17.0,74,2.004106776180698,3.75
2026-12-18,50.0,129.0,129.0,133.95,1.0,59,2.5051334702258727,129.0
2026-12-18,55.0,127.67,125.0,129.45,9.0,47,2.5051334702258727,127.67
2026-12-18,60.0,124.51,120.5,124.95,2.0,12,2.5051334702258727,124.51
2026-12-18,65.0,119.0,116.5,120.5,2.0,6,2.5051334702258727,119.0
2026-12-18,70.0,113.8,112.0,116.45,2.0,91,2.5051334702258727,113.8
2026-12-18,75.0,106.0,108.0,112.35,35.0,109,2.5051334702258727,106.0
2026-12-18,80.0,101.5,103.55,107.95,2.0,21,2.5051334702258727,101.5
2026-12-18,85.0,66.5,63.5,68.5,5.0,15,2.5051334702258727,66.5
2026-12-18,90.0,99.7,95.5,99.95,1.0,19,2.5051334702258727,99.7
2026-12-18,95.0,90.17,90.7,94.0,1.0,23,2.5051334702258727,90.17
2026-12-18,100.0,89.8,88.0,91.1,2.0,492,2.5051334702258727,89.8
2026-12-18,105.0,85.3,84.0,87.3,1.0,384,2.5051334702258727,85.3
2026-12-18,110.0,83.47,80.5,83.6,10.0,136,2.5051334702258727,83.47
2026-12-18,115.0,77.75,76.55,80.6,2.0,107,2.5051334702258727,77.75
2026-12-18,120.0,73.42,73.2,77.0,1.0,158,2.5051334702258727,73.42
2026-12-18,125.0,72.8,69.7,73.7,1.0,118,2.5051334702258727,72.8
2026-12-18,130.0,67.83,66.25,69.95,1.0,530,2.5051334702258727,67.83
2026-12-18,135.0,65.6,63.1,67.5,2.0,356,2.5051334702258727,65.6
2026-12-18,140.0,60.15,59.5,63.3,4.0,692,2.5051334702258727,60.15
2026-12-18,145.0,58.29,56.85,60.75,1.0,534,2.5051334702258727,58.29
2026-12-18,150.0,55.75,53.9,58.4,7.0,574,2.5051334702258727,55.75
2026-12-18,155.0,52.07,51.05,55.05,2.0,271,2.5051334702258727,52.07
2026-12-18,160.0,48.6,48.25,52.2,3.0,530,2.5051334702258727,48.6
2026-12-18,165.0,46.5,45.7,49.45,5.0,365,2.5051334702258727,46.5
2026-12-18,170.0,44.37,43.15,45.0,2.0,1066,2.5051334702258727,44.37
2026-12-18,175.0,41.64,41.0,43.4,5.0,631,2.5051334702258727,41.64
2026-12-18,180.0,39.4,38.45,41.6,5.0,212,2.5051334702258727,39.4
2026-12-18,185.0,38.63,35.7,39.5,7.0,94,2.5051334702258727,38.63
2026-12-18,190.0,34.4,35.0,36.65,1.0,138,2.5051334702258727,34.4
2026-12-18,195.0,33.7,32.0,35.55,8.0,89,2.5051334702258727,33.7
2026-12-18,200.0,31.55,30.2,33.0,4.0,947,2.5051334702258727,31.55
2026-12-18,205.0,29.46,28.4,32.2,2.0,144,2.5051334702258727,29.46
2026-12-18,210.0,27.55,26.3,29.15,36.0,427,2.5051334702258727,27.55
2026-12-18,215.0,26.0,25.0,27.9,1.0,122,2.5051334702258727,26.0
2026-12-18,220.0,24.5,23.4,25.75,1.0,95,2.5051334702258727,24.5
2026-12-18,225.0,22.5,21.9,23.8,44.0,243,2.5051334702258727,22.5
2026-12-18,230.0,21.4,20.55,23.55,2.0,108,2.5051334702258727,21.4
2026-12-18,235.0,20.4,18.95,21.85,2.0,21,2.5051334702258727,20.4
2026-12-18,240.0,19.25,17.75,20.55,1.0,143,2.5051334702258727,19.25
2026-12-18,245.0,18.65,16.85,19.15,1.0,160,2.5051334702258727,18.65
2026-12-18,250.0,17.1,15.85,18.95,6.0,336,2.5051334702258727,17.1
2026-12-18,255.0,16.07,14.8,17.0,10.0,149,2.5051334702258727,16.07
2026-12-18,260.0,14.0,13.8,16.05,2.0,28,2.5051334702258727,14.0
2026-12-18,265.0,15.1,12.95,15.15,25.0,55,2.5051334702258727,15.1
2026-12-18,270.0,14.1,12.15,14.25,25.0,79,2.5051334702258727,14.1
2026-12-18,280.0,11.5,10.65,12.6,2.0,76,2.5051334702258727,11.5
2026-12-18,290.0,9.9,9.1,11.25,3.0,139,2.5051334702258727,9.9
2026-12-18,300.0,9.4,9.0,10.7,105.0,8628,2.5051334702258727,9.4
2026-12-18,310.0,8.7,6.95,9.35,,3,2.5051334702258727,8.7
2026-12-18,320.0,6.48,6.15,8.4,10.0,34,2.5051334702258727,6.48
2026-12-18,330.0,7.2,4.95,7.3,2.0,18,2.5051334702258727,7.2
2026-12-18,340.0,5.95,5.6,6.6,6.0,229,2.5051334702258727,5.95
