Expiry,Strike,Last Price,Bid,Ask,Volume,Open Interest,Time_to_Maturity,Option_Price,Log_Return,Volatility
2024-06-21,69.0,60.25,58.0,63.0,16.0,68,0.0136892539356605,60.25,-0.3270623643176007,6.356978895388217
2024-06-21,70.0,106.05,105.6,107.2,1.0,14,0.0136892539356605,106.05,0.5654081086399271,6.559597295994604
2024-06-21,71.0,103.7,104.6,106.2,61.0,0,0.0136892539356605,103.7,-0.02240856577520976,6.519544705454276
2024-06-21,72.0,104.25,103.6,105.2,10.0,0,0.0136892539356605,104.25,0.005289745443429184,6.514480600724456
2024-06-21,72.5,71.02,77.4,80.15,1.0,0,0.0136892539356605,71.02,-0.38383033316396914,6.641874361962026
2024-06-21,73.0,103.2,102.6,104.2,8.0,0,0.0136892539356605,103.2,0.3737073255325206,6.784922198655126
2024-06-21,74.0,81.0,101.9,102.45,4.0,139,0.0136892539356605,81.0,-0.24221969837502366,6.782178873925795
2024-06-21,75.0,105.0,100.6,102.2,10.0,85,0.0136892539356605,105.0,0.2595111954850846,6.800416027847828
2024-06-21,76.0,99.91,99.6,101.2,4.0,0,0.0136892539356605,99.91,-0.04969056941259624,6.656344371421137
2024-06-21,77.0,94.75,98.6,100.2,1.0,0,0.0136892539356605,94.75,-0.05302793678239149,6.648280992526203
2024-06-21,77.5,51.21,55.05,60.0,66.0,79,0.0136892539356605,51.21,-0.6153070184880767,6.904540897140847
2024-06-21,78.0,50.8,54.55,59.5,48.0,161,0.0136892539356605,50.8,-0.008038470890022856,6.867926539916233
2024-06-21,79.0,68.0,57.05,58.7,1.0,179,0.0136892539356605,68.0,0.29161135059167054,6.900784613264711
2024-06-21,80.0,97.5,96.6,97.2,6.0,20,0.0136892539356605,97.5,0.3603446728276948,6.829957651877438
2024-06-21,81.0,61.12,65.65,69.5,43.0,303,0.0136892539356605,61.12,-0.4670132331455364,7.013422615721204
2024-06-21,82.0,63.45,58.5,61.75,40.0,17,0.0136892539356605,63.45,0.03741304930213167,6.1472032128474305
2024-06-21,82.5,41.83,52.0,57.0,1.0,31,0.0136892539356605,41.83,-0.4166384087062897,5.296242620004181
2024-06-21,83.0,55.1,49.75,54.05,1.0,50,0.0136892539356605,55.1,0.27553593070476173,5.412069851645023
2024-06-21,84.0,59.95,56.85,60.25,1.0,272,0.0136892539356605,59.95,0.08436116531465442,5.426863158398225
2024-06-21,85.0,91.41,91.6,93.2,2.0,8,0.0136892539356605,91.41,0.4218440001922041,5.262375607167881
2024-06-21,86.0,65.5,58.1,61.2,4.0,178,0.0136892539356605,65.5,-0.33330473902452107,5.266612485051923
2024-06-21,87.0,87.86,89.6,91.2,20.0,45,0.0136892539356605,87.86,0.2936944959064272,5.23702318078666
2024-06-21,87.5,87.2,88.15,90.7,1.0,21,0.0136892539356605,87.2,-0.007540307632699469,4.843705894864718
2024-06-21,88.0,60.82,65.7,69.05,1.0,75,0.0136892539356605,60.82,-0.36028564866571533,4.994283335366003
2024-06-21,89.0,50.48,51.55,53.15,4.0,113,0.0136892539356605,50.48,-0.18634146401626087,5.023473902476207
2024-06-21,90.0,86.15,86.6,88.2,2.0,269,0.0136892539356605,86.15,0.534512744740981,5.222263622727809
2024-06-21,91.0,44.29,63.8,65.7,2.0,311,0.0136892539356605,44.29,-0.6653310450388319,5.539222155000991
2024-06-21,92.0,78.2,84.6,86.2,1.0,197,0.0136892539356605,78.2,0.5685107296161587,5.868961317316082
2024-06-21,92.5,82.55,83.2,85.7,10.0,144,0.0136892539356605,82.55,0.054134522814871605,5.796472518759175
2024-06-21,93.0,82.07,83.6,85.2,10.0,563,0.0136892539356605,82.07,-0.005831628724516826,5.79481814377058
2024-06-21,94.0,77.7,81.65,84.2,1.0,104,0.0136892539356605,77.7,-0.054717284268018376,5.794981475375257
2024-06-21,95.0,81.23,81.6,83.2,5.0,352,0.0136892539356605,81.23,0.04442937968926065,5.360242169194206
2024-06-21,96.0,59.35,78.4,81.4,1.0,418,0.0136892539356605,59.35,-0.31383251600718554,5.485030014086816
2024-06-21,97.0,75.87,79.6,81.2,5.0,459,0.0136892539356605,75.87,0.2455692282943065,5.457219246385031
2024-06-21,97.5,79.8,78.15,79.75,1.0,397,0.0136892539356605,79.8,0.05050215510577942,5.3066379540540085
2024-06-21,98.0,76.1,77.65,79.25,1.0,486,0.0136892539356605,76.1,-0.04747523958812301,5.043409141774137
2024-06-21,99.0,77.44,76.65,78.25,1.0,155,0.0136892539356605,77.44,0.017455178100681448,5.04253795724149
2024-06-21,100.0,76.7,75.65,78.05,12.0,1612,0.0136892539356605,76.7,-0.009601734595111064,4.800460081410886
2024-06-21,102.5,73.67,73.15,74.75,5.0,659,0.0136892539356605,73.67,-0.0403060476784883,4.719981967121387
2024-06-21,105.0,71.55,71.6,72.25,6.0,2621,0.0136892539356605,71.55,-0.029199154692262353,4.714991288134192
2024-06-21,107.5,69.2,68.15,69.75,2.0,730,0.0136892539356605,69.2,-0.033395643378835896,4.469371324113898
2024-06-21,110.0,66.6,65.65,67.25,1.0,3344,0.0136892539356605,66.6,-0.038296285077280556,4.3174438730817855
2024-06-21,112.5,64.1,63.15,64.75,1.0,947,0.0136892539356605,64.1,-0.03826021361971908,4.184788230948522
2024-06-21,115.0,61.74,60.65,62.25,5.0,1907,0.0136892539356605,61.74,-0.037512344852611054,4.185401694388313
2024-06-21,117.5,60.0,58.15,59.75,4.0,5534,0.0136892539356605,60.0,-0.02858745685191262,3.9954661049785574
2024-06-21,120.0,56.69,55.65,57.25,130.0,7520,0.0136892539356605,56.69,-0.05674673388588839,3.9444703470033713
2024-06-21,122.5,51.8,53.15,54.75,1.0,3209,0.0136892539356605,51.8,-0.09020767907077493,3.4517126518305608
2024-06-21,125.0,51.24,50.65,52.25,97.0,5451,0.0136892539356605,51.24,-0.010869672236903768,2.5457302145702556
2024-06-21,127.5,49.4,49.15,49.75,1.0,2732,0.0136892539356605,49.4,-0.03657005283465672,1.5203224906667383
2024-06-21,130.0,46.34,46.65,47.3,91.0,6513,0.0136892539356605,46.34,-0.06394490518964654,1.500842209598726
2024-06-21,132.5,43.0,44.15,45.75,4.0,2727,0.0136892539356605,43.0,-0.07480540331066785,1.5073027770781677
2024-06-21,135.0,41.7,41.65,43.25,195.0,4162,0.0136892539356605,41.7,-0.030698986888806623,1.5047909090415563
2024-06-21,137.5,39.03,38.2,40.75,1.0,7977,0.0136892539356605,39.03,-0.06617054761223226,1.4848417727111058
2024-06-21,140.0,36.9,36.65,37.3,137.0,11367,0.0136892539356605,36.9,-0.056119030146042116,1.0909963276412031
2024-06-21,142.5,34.25,34.15,34.8,4.0,4797,0.0136892539356605,34.25,-0.07452498633824721,0.5063568542298572
2024-06-21,145.0,32.0,31.65,32.3,55.0,5967,0.0136892539356605,32.0,-0.06795066190850778,0.4012094706382987
2024-06-21,147.5,29.0,28.2,29.8,2.0,9305,0.0136892539356605,29.0,-0.09844007281325252,0.4441012001828165
2024-06-21,150.0,26.75,25.7,27.3,95.0,8267,0.0136892539356605,26.75,-0.08076135664445847,0.39506405055546856
2024-06-21,152.5,24.21,23.2,24.8,43.0,4833,0.0136892539356605,24.21,-0.09976870239204834,0.40054974298718987
2024-06-21,155.0,21.78,21.3,22.3,80.0,9476,0.0136892539356605,21.78,-0.1057736534451527,0.43333218874507334
2024-06-21,157.5,18.87,18.25,19.8,5.0,9211,0.0136892539356605,18.87,-0.14341875812435553,0.5112230660674083
2024-06-21,160.0,16.8,15.75,17.35,156.0,14337,0.0136892539356605,16.8,-0.11619447297124562,0.5299720466377882
2024-06-21,162.5,13.98,13.4,14.85,10.0,4425,0.0136892539356605,13.98,-0.183751149603549,0.6542464813820793
2024-06-21,165.0,12.01,10.1,12.4,78.0,6840,0.0136892539356605,12.01,-0.151888100713772,0.6925828107754481
2024-06-21,167.5,9.36,9.45,9.75,29.0,955,0.0136892539356605,9.36,-0.2492943456023915,0.8902153853990142
2024-06-21,170.0,7.02,6.8,7.45,599.0,25556,0.0136892539356605,7.02,-0.2876820724517809,1.0946059476781662
2024-06-21,172.5,4.95,4.9,5.1,165.0,2647,0.0136892539356605,4.95,-0.34937564145712074,1.3750548632706867
2024-06-21,175.0,3.04,3.0,3.1,3075.0,15134,0.0136892539356605,3.04,-0.48753006116246866,1.8777264786665344
2024-06-21,177.5,1.65,1.61,1.65,7420.0,5997,0.0136892539356605,1.65,-0.6110822275056411,2.4435668576727503
2024-06-21,180.0,0.74,0.74,0.75,22131.0,18566,0.0136892539356605,0.74,-0.8018803806964109,3.24798517491785
2024-06-21,182.5,0.29,0.23,0.3,1915.0,5360,0.0136892539356605,0.29,-0.9367692632176957,4.086271530284379
2024-06-21,185.0,0.11,0.1,0.12,4396.0,13962,0.0136892539356605,0.11,-0.9694005571881034,4.747708580637313
2024-06-21,187.5,0.05,0.05,0.07,186.0,2229,0.0136892539356605,0.05,-0.78845736036427,4.958843446176165
2024-06-21,190.0,0.04,0.03,0.05,382.0,9092,0.0136892539356605,0.04,-0.22314355131420985,4.8867742198470605
2024-06-21,192.5,0.02,0.02,0.04,39.0,535,0.0136892539356605,0.02,-0.6931471805599453,4.938557490167978
2024-06-21,195.0,0.03,0.02,0.03,57.0,6097,0.0136892539356605,0.03,0.4054651081081644,5.5302952954698545
2024-06-21,197.5,0.01,0.01,0.03,14.0,277,0.0136892539356605,0.01,-1.0986122886681096,6.032317570475597
2024-06-21,200.0,0.02,0.01,0.03,120.0,10046,0.0136892539356605,0.02,0.6931471805599453,7.043513969198687
2024-06-21,205.0,0.02,0.01,0.03,10.0,2317,0.0136892539356605,0.02,0.0,7.087344960915527
2024-06-21,210.0,0.02,0.0,0.03,107.0,4920,0.0136892539356605,0.02,0.0,7.138690174045948
2024-06-21,215.0,0.02,0.0,0.02,54.0,2528,0.0136892539356605,0.02,0.0,7.1912622481482575
2024-06-21,220.0,0.02,0.0,0.02,23.0,3700,0.0136892539356605,0.02,0.0,7.255774125798838
2024-06-21,225.0,0.01,0.0,0.01,7.0,13428,0.0136892539356605,0.01,-0.6931471805599453,7.320372608119575
2024-06-21,230.0,0.01,0.0,0.01,6.0,1173,0.0136892539356605,0.01,0.0,7.401332868850809
2024-06-21,235.0,0.01,0.0,0.07,60.0,1956,0.0136892539356605,0.01,0.0,7.469626368441739
2024-06-21,240.0,0.02,0.0,0.07,1.0,1632,0.0136892539356605,0.02,0.6931471805599453,8.279635815627856
2024-06-21,245.0,0.02,0.0,0.01,1.0,268,0.0136892539356605,0.02,0.0,8.34161191221828
2024-06-21,250.0,0.02,0.0,0.02,7.0,513,0.0136892539356605,0.02,0.0,8.39216255543507
2024-06-21,255.0,0.01,0.0,0.01,89.0,1709,0.0136892539356605,0.01,-0.6931471805599453,8.49129005442328
2024-06-21,260.0,0.01,0.0,0.01,15.0,1774,0.0136892539356605,0.01,0.0,8.44778858421095
2024-06-21,265.0,0.01,0.0,0.01,8.0,5621,0.0136892539356605,0.01,0.0,8.233504761081507
2024-06-21,270.0,0.01,0.0,0.01,45.0,115,0.0136892539356605,0.01,0.0,7.813156590077386
2024-06-21,275.0,0.01,0.0,0.01,5.0,25,0.0136892539356605,0.01,0.0,7.249689085332264
2024-06-21,300.0,0.01,0.0,0.02,1.0,291,0.0136892539356605,0.01,0.0,6.827941089842839
2024-06-21,1120.0,1233.0,0.0,0.0,2.0,2,0.0136892539356605,1233.0,11.722375689152436,41.41092092335645
2024-06-21,1200.0,1173.55,0.0,0.0,1.0,18,0.0136892539356605,1173.55,-0.0494168811967935,41.238433791885605
2024-06-21,1350.0,1048.6,0.0,0.0,2.0,0,0.0136892539356605,1048.6,-0.11257740182911849,41.29601960760871
2024-06-21,1400.0,911.46,996.0,1015.0,2.0,0,0.0136892539356605,911.46,-0.14016351069080601,40.96117133946511
2024-06-21,1450.0,956.94,0.0,0.0,2.0,0,0.0136892539356605,956.94,0.04869298411509135,40.99239320044317
2024-06-21,1500.0,979.01,0.0,0.0,1.0,1,0.0136892539356605,979.01,0.022801163420221333,40.98887286907856
2024-06-21,1550.0,907.23,0.0,0.0,4.0,0,0.0136892539356605,907.23,-0.0761458557731429,41.001756017624245
2024-06-21,1650.0,739.24,811.5,830.5,2.0,0,0.0136892539356605,739.24,-0.2047733697922408,41.04000464389929
2024-06-21,1700.0,793.28,0.0,0.0,1.0,2,0.0136892539356605,793.28,0.07055361742927012,41.02988234678039
2024-06-21,1750.0,699.19,743.0,762.0,2.0,1,0.0136892539356605,699.19,-0.12625372666727191,40.8681135303746
2024-06-21,1900.0,649.81,0.0,0.0,8.0,13,0.0136892539356605,649.81,-0.07324250971239933,40.88089418661925
2024-06-21,1950.0,619.36,0.0,0.0,8.0,9,0.0136892539356605,619.36,-0.04799332563781636,40.88903735261472
2024-06-21,2000.0,595.0,0.0,0.0,6.0,11,0.0136892539356605,595.0,-0.040125281283708285,40.93001745783629
2024-06-21,2050.0,555.74,0.0,0.0,1.0,1,0.0136892539356605,555.74,-0.06826084656541666,40.941006284058076
2024-06-21,2100.0,560.0,0.0,0.0,2.0,6,0.0136892539356605,560.0,0.007636224748981695,40.939869707993616
2024-06-21,2150.0,568.41,0.0,0.0,1.0,3,0.0136892539356605,568.41,0.014906205583185629,40.75562162189268
2024-06-21,2200.0,493.55,0.0,0.0,1.0,5,0.0136892539356605,493.55,-0.14121881844848344,40.78131049175667
2024-06-21,2250.0,470.0,0.0,0.0,1.0,7,0.0136892539356605,470.0,-0.048891476159792786,40.78943493230508
2024-06-21,2300.0,445.5,0.0,0.0,5.0,12,0.0136892539356605,445.5,-0.053535447793240265,40.79832728929503
2024-06-21,2350.0,390.0,0.0,0.0,1.0,12,0.0136892539356605,390.0,-0.13305050778717187,40.82186919633752
2024-06-21,2400.0,396.0,0.0,0.0,3.0,7,0.0136892539356605,396.0,0.01526747213078838,40.819531171823925
2024-06-21,2450.0,439.72,0.0,0.0,2.0,4,0.0136892539356605,439.72,0.10472394945618257,1.249942226237286
2024-06-21,2500.0,356.41,0.0,0.0,1.0,6,0.0136892539356605,356.41,-0.21005640714624557,1.368687445573107
2024-06-21,2600.0,293.6,0.0,0.0,3.0,5,0.0136892539356605,293.6,-0.19386345682405695,1.4376911813528186
2024-06-21,2650.0,302.0,0.0,0.0,1.0,2,0.0136892539356605,302.0,0.028208720634508938,1.438624140747608
2024-06-21,2800.0,250.0,0.0,0.0,1.0,4,0.0136892539356605,250.0,-0.1889660995126232,1.463137387054217
2024-06-21,3000.0,193.0,0.0,0.0,4.0,14,0.0136892539356605,193.0,-0.25877072895736086,1.5737972140035719
2024-06-21,3050.0,178.68,0.0,0.0,1.0,2,0.0136892539356605,178.68,-0.07709369242096757,1.573791681505133
2024-06-21,3100.0,174.0,0.0,0.0,1.0,41,0.0136892539356605,174.0,-0.026541197269388993,1.5118866010961167
2024-06-21,3150.0,164.0,0.0,0.0,1.0,6,0.0136892539356605,164.0,-0.05918887139033065,1.4254491053448564
2024-06-21,3200.0,152.18,0.0,0.0,2.0,4,0.0136892539356605,152.18,-0.07480239707582169,1.413258175318137
2024-06-21,3250.0,200.0,0.0,0.0,1.0,4,0.0136892539356605,200.0,0.27325333579965994,1.852702998863271
2024-06-21,3300.0,111.34,0.0,0.0,1.0,6,0.0136892539356605,111.34,-0.585728783792675,2.606223127649624
2024-06-21,3400.0,121.4,0.0,0.0,2.0,34,0.0136892539356605,121.4,0.08650229587003613,2.667871727148556
2024-06-21,3500.0,105.5,0.0,0.0,5.0,41,0.0136892539356605,105.5,-0.14037992570927682,2.6770232399701164
2024-06-28,80.0,95.25,96.6,97.4,1.0,1,0.0328542094455852,95.25,-0.10220593890931079,2.659151120058828
2024-06-28,95.0,81.59,81.65,82.45,1.0,1,0.0328542094455852,81.59,-0.1547983085661015,2.6442747576422136
2024-06-28,100.0,76.76,76.65,77.45,5.0,6,0.0328542094455852,76.76,-0.06102303430120963,2.640222834786462
2024-06-28,110.0,67.0,66.7,67.45,1.0,6,0.0328542094455852,67.0,-0.13599105174853315,2.640950672168029
2024-06-28,115.0,61.97,61.7,62.5,2.0,53,0.0328542094455852,61.97,-0.07804222241694998,2.6377265110357375
2024-06-28,120.0,56.55,56.7,57.5,10.0,51,0.0328542094455852,56.55,-0.09152519441188668,2.6338862968187944
2024-06-28,125.0,49.95,51.7,52.4,1.0,27,0.0328542094455852,49.95,-0.12410269746756682,2.6065057213167067
2024-06-28,130.0,46.5,46.7,47.5,1.0,3,0.0328542094455852,46.5,-0.07157019250125189,2.5027149537728586
2024-06-28,135.0,41.5,41.75,42.55,1.0,2,0.0328542094455852,41.5,-0.11375888535665803,2.4748207327348295
2024-06-28,140.0,36.86,36.8,37.45,1.0,44,0.0328542094455852,36.86,-0.11856647499497537,2.453410236679201
2024-06-28,145.0,31.92,31.75,32.45,3.0,20,0.0328542094455852,31.92,-0.14389417966006918,2.413246480574613
2024-06-28,150.0,27.25,26.8,27.6,59.0,21,0.0328542094455852,27.25,-0.15817925147235504,2.4024046433835795
2024-06-28,155.0,21.95,21.85,22.45,5.0,31,0.0328542094455852,21.95,-0.21628638158807273,2.3725852723044576
2024-06-28,157.5,18.07,19.45,20.15,1.0,1,0.0328542094455852,18.07,-0.19451403491704314,2.3909026825194846
2024-06-28,160.0,16.59,16.9,17.7,2.0,1002,0.0328542094455852,16.59,-0.08545300040178401,2.3739167427594676
2024-06-28,165.0,12.3,12.3,12.55,11.0,210,0.0328542094455852,12.3,-0.2992008418239812,2.451088440938504
2024-06-28,167.5,9.69,9.95,10.4,51.0,200,0.0328542094455852,9.69,-0.23850483647569704,2.475713873552946
2024-06-28,170.0,7.38,7.75,8.25,91.0,1971,0.0328542094455852,7.38,-0.2723207872902937,2.0349851326708106
2024-06-28,172.5,5.7,5.75,5.95,251.0,197,0.0328542094455852,5.7,-0.2583074637718767,1.3751988902989813
2024-06-28,175.0,4.1,4.05,4.2,684.0,1103,0.0328542094455852,4.1,-0.3294792011302425,1.25589060418024
2024-06-28,177.5,2.73,2.61,2.78,680.0,844,0.0328542094455852,2.73,-0.4066853645133937,1.5124929369748223
2024-06-28,180.0,1.63,1.5,1.7,2492.0,1959,0.0328542094455852,1.63,-0.5157215943781974,1.8950560225903734
2024-06-28,182.5,0.94,0.95,1.0,562.0,263,0.0328542094455852,0.94,-0.5504554185367584,2.254283360507725
2024-06-28,185.0,0.53,0.5,0.56,834.0,2430,0.0328542094455852,0.53,-0.5730028687178819,2.5044499260713726
2024-06-28,187.5,0.28,0.26,0.29,38.0,214,0.0328542094455852,0.28,-0.6380874033769179,2.8320127091223526
2024-06-28,190.0,0.16,0.14,0.16,113.0,1109,0.0328542094455852,0.16,-0.5596157879354228,2.9299952297962544
2024-06-28,192.5,0.09,0.07,0.12,30.0,76,0.0328542094455852,0.09,-0.5753641449035618,3.0083295133189294
2024-06-28,195.0,0.05,0.05,0.09,28.0,2419,0.0328542094455852,0.05,-0.587786664902119,3.0814187676511624
2024-06-28,197.5,0.05,0.03,0.07,1.0,261,0.0328542094455852,0.05,0.0,3.165550297201325
2024-06-28,200.0,0.04,0.02,0.05,73.0,692,0.0328542094455852,0.04,-0.22314355131420985,3.0952652752244596
2024-06-28,205.0,0.04,0.02,0.03,22.0,51,0.0328542094455852,0.04,0.0,3.2222931463792888
2024-06-28,210.0,0.03,0.0,0.04,2.0,566,0.0328542094455852,0.03,-0.2876820724517809,3.1583018890038046
2024-06-28,215.0,0.03,0.0,0.04,1.0,4,0.0328542094455852,0.03,0.0,3.3117320890304462
2024-06-28,220.0,0.03,0.0,0.04,41.0,44,0.0328542094455852,0.03,0.0,3.481089862144777
2024-06-28,225.0,0.04,0.0,0.04,1.0,15,0.0328542094455852,0.04,0.287682072451781,4.044851689203213
2024-06-28,230.0,0.04,0.0,0.44,1.0,2,0.0328542094455852,0.04,0.0,4.1099024558527555
2024-07-05,75.0,99.63,101.7,102.5,1.0,1,0.0520191649555099,99.63,7.820339148924965,28.381765209204957
2024-07-05,85.0,88.35,91.7,92.55,6.0,6,0.0520191649555099,88.35,-0.12015712529105949,28.36695757272699
2024-07-05,90.0,86.12,86.75,87.55,4.0,4,0.0520191649555099,86.12,-0.025564526269542958,28.33843899363128
2024-07-05,105.0,70.87,71.8,72.6,1.0,1,0.0520191649555099,70.87,-0.19489445967399763,28.32870694753127
2024-07-05,115.0,60.01,61.8,62.6,1.0,1,0.0520191649555099,60.01,-0.16633599782074324,28.301714583525822
2024-07-05,120.0,54.01,56.85,57.6,10.0,15,0.0520191649555099,54.01,-0.10534200039662175,28.249213065026947
2024-07-05,140.0,37.7,36.95,37.65,5.0,8,0.0520191649555099,37.7,-0.35950912015083464,28.20853013696159
2024-07-05,145.0,32.47,31.95,32.7,1.0,1,0.0520191649555099,32.47,-0.14934350833921065,28.117182249468538
2024-07-05,150.0,24.9,27.0,27.8,2.0,15,0.0520191649555099,24.9,-0.2654487826440927,28.035026892819698
2024-07-05,155.0,22.6,22.05,22.85,1.0,3,0.0520191649555099,22.6,-0.09691789719242165,27.897583570286372
2024-07-05,160.0,17.27,16.35,18.85,1.0,61,0.0520191649555099,17.27,-0.2689790141196531,27.814721998628794
2024-07-05,165.0,12.35,11.6,13.9,23.0,67,0.0520191649555099,12.35,-0.33531482908460103,27.740244455198322
2024-07-05,170.0,7.95,8.25,8.6,171.0,534,0.0520191649555099,7.95,-0.44048413440774553,27.689884498364123
2024-07-05,175.0,4.5,4.7,4.9,497.0,772,0.0520191649555099,4.5,-0.5690945318899665,27.822252772995572
2024-07-05,180.0,2.28,2.25,2.65,522.0,954,0.0520191649555099,2.28,-0.6799019538099248,27.957398504052076
2024-07-05,185.0,0.87,0.87,0.97,517.0,647,0.0520191649555099,0.87,-0.963437510299857,28.238784425792893
2024-07-05,190.0,0.31,0.29,0.35,569.0,712,0.0520191649555099,0.31,-1.0319209141694374,28.499498771798788
2024-07-05,195.0,0.15,0.1,0.15,26.0,850,0.0520191649555099,0.15,-0.7259370033829363,28.64576140932764
2024-07-05,200.0,0.11,0.05,0.1,4.0,196,0.0520191649555099,0.11,-0.31015492830383945,28.676349310802223
2024-07-05,205.0,0.06,0.02,0.07,21.0,42,0.0520191649555099,0.06,-0.6061358035703156,28.75471630567364
2024-07-05,210.0,0.05,0.01,0.07,402.0,402,0.0520191649555099,0.05,-0.1823215567939546,28.763193731856656
2024-07-05,220.0,0.05,0.0,0.05,4.0,11,0.0520191649555099,0.05,0.0,4.704645089799378
2024-07-05,225.0,0.01,0.0,0.05,1.0,1,0.0520191649555099,0.01,-1.6094379124341005,6.299319458621826
2024-07-12,100.0,75.47,76.85,77.65,4.0,13,0.0711841204654346,75.47,8.928905412284868,33.07174928641237
2024-07-12,105.0,71.85,71.9,72.75,2.0,2,0.0711841204654346,71.85,-0.04915461377174315,33.06512952377122
2024-07-12,140.0,37.95,37.05,37.95,1.0,2,0.0711841204654346,37.95,-0.6383111086833948,33.13551051726787
2024-07-12,145.0,32.38,32.15,32.9,1.0,3,0.0711841204654346,32.38,-0.15872855559214988,33.137722053995475
2024-07-12,150.0,27.13,27.15,27.95,1.0,16,0.0711841204654346,27.13,-0.17690082157864875,33.12048492864293
2024-07-12,155.0,22.4,21.45,23.15,2.0,1,0.0711841204654346,22.4,-0.19157916780984627,33.12295585440141
2024-07-12,160.0,17.47,17.7,18.2,4.0,131,0.0711841204654346,17.47,-0.24857583471502903,33.12141708220596
2024-07-12,165.0,12.85,13.1,13.55,12.0,85,0.0711841204654346,12.85,-0.30714131280473633,33.135820977745325
2024-07-12,170.0,8.93,8.9,9.35,38.0,106,0.0711841204654346,8.93,-0.3639274164528212,33.1461923927815
2024-07-12,175.0,5.5,5.45,5.7,153.0,533,0.0711841204654346,5.5,-0.48466830264998234,33.16747754204874
2024-07-12,180.0,3.01,2.96,3.15,252.0,579,0.0711841204654346,3.01,-0.6028080134776409,33.19701818627929
2024-07-12,185.0,1.46,0.8,1.55,689.0,571,0.0711841204654346,1.46,-0.7235036430405393,33.23195106045304
2024-07-12,190.0,0.58,0.57,0.69,31.0,385,0.0711841204654346,0.58,-0.9231636111619171,33.300330726089115
2024-07-12,195.0,0.23,0.24,0.28,36.0,134,0.0711841204654346,0.23,-0.9249487946172694,33.287513795736785
2024-07-12,200.0,0.12,0.1,0.17,79.0,63,0.0711841204654346,0.12,-0.6505875661411494,33.17372463254013
2024-07-12,205.0,0.06,0.03,0.13,2.0,31,0.0711841204654346,0.06,-0.6931471805599453,33.16543996350818
2024-07-12,210.0,0.06,0.02,0.11,1.0,1,0.0711841204654346,0.06,0.0,33.15143511564002
2024-07-12,215.0,0.05,0.0,0.1,57.0,57,0.0711841204654346,0.05,-0.1823215567939546,33.09090111615145
2024-07-19,70.0,106.1,105.9,107.55,1.0,3,0.0903490759753593,106.1,7.660114319173928,42.41152036265398
2024-07-19,75.0,67.86,77.75,80.9,1.0,3,0.0903490759753593,67.86,-0.44693528626385337,42.48814380196399
2024-07-19,80.0,95.6,95.95,97.6,8.0,21,0.0903490759753593,95.6,0.34272606070127154,41.891533499043035
2024-07-19,85.0,74.69,89.2,91.0,2.0,11,0.0903490759753593,74.69,-0.24682660568838022,28.311319690921827
2024-07-19,90.0,76.13,80.7,84.8,5.0,10,0.0903490759753593,76.13,0.019096190949145993,28.31082883920563
2024-07-19,95.0,72.19,79.65,81.2,4.0,73,0.0903490759753593,72.19,-0.05314087316705159,28.21628551991074
2024-07-19,100.0,73.52,77.05,77.75,1.0,330,0.0903490759753593,73.52,0.01825594589636197,28.20798028584856
2024-07-19,105.0,69.68,72.05,72.8,175.0,1308,0.0903490759753593,69.68,-0.05364414550318415,28.199321007216053
2024-07-19,110.0,65.55,67.1,67.8,100.0,167,0.0903490759753593,65.55,-0.061100122334538653,28.189153653339353
2024-07-19,115.0,62.2,61.15,62.8,2.0,187,0.0903490759753593,62.2,-0.05245821046457503,28.171061898679
2024-07-19,120.0,57.0,57.15,57.8,2.0,417,0.0903490759753593,57.0,-0.08730373191058366,28.145197437155257
2024-07-19,125.0,52.27,52.2,52.95,25.0,412,0.0903490759753593,52.27,-0.08662867510971962,28.107580158930446
2024-07-19,130.0,46.81,46.25,47.95,44.0,815,0.0903490759753593,46.81,-0.11032573741285126,28.04196509015187
2024-07-19,135.0,41.79,42.25,43.0,4.0,662,0.0903490759753593,41.79,-0.11343977885215525,27.93804243887396
2024-07-19,140.0,37.47,37.3,38.05,109.0,4346,0.0903490759753593,37.47,-0.10911646365422804,27.783496066907926
2024-07-19,145.0,32.21,32.35,33.1,1.0,2144,0.0903490759753593,32.21,-0.15126364946248844,27.533787724696893
2024-07-19,150.0,27.25,26.5,28.2,9.0,2662,0.0903490759753593,27.25,-0.1672234422338544,27.27059030748662
2024-07-19,155.0,22.32,21.6,23.8,3.0,4248,0.0903490759753593,22.32,-0.19957038359614293,27.132039586878776
2024-07-19,160.0,18.0,17.0,19.35,7.0,7166,0.0903490759753593,18.0,-0.21511137961694557,26.97298795179055
2024-07-19,165.0,13.44,13.55,13.8,54.0,5952,0.0903490759753593,13.44,-0.2921364228011613,27.028979678338978
2024-07-19,170.0,9.6,9.55,9.7,250.0,12698,0.0903490759753593,9.6,-0.3364722366212129,27.06584911166041
2024-07-19,175.0,6.2,6.15,6.25,553.0,17815,0.0903490759753593,6.2,-0.4372138064227446,2.7166320547224205
2024-07-19,180.0,3.65,3.6,3.7,2108.0,10525,0.0903490759753593,3.65,-0.5298221244566459,2.848439235089284
2024-07-19,185.0,1.92,1.91,1.97,805.0,7290,0.0903490759753593,1.92,-0.6424019815547101,2.792127757716386
2024-07-19,190.0,0.95,0.91,1.0,1172.0,9624,0.0903490759753593,0.95,-0.7036184804272406,3.316482313732538
2024-07-19,195.0,0.46,0.39,0.46,1037.0,5935,0.0903490759753593,0.46,-0.7252354951114457,3.659335073767219
2024-07-19,200.0,0.23,0.2,0.24,774.0,5252,0.0903490759753593,0.23,-0.6931471805599453,3.9037630520246402
2024-07-19,205.0,0.12,0.1,0.15,16.0,277,0.0903490759753593,0.12,-0.6505875661411494,3.960515721118835
2024-07-19,210.0,0.08,0.06,0.11,1.0,530,0.0903490759753593,0.08,-0.4054651081081643,3.8648563871386274
2024-07-19,215.0,0.03,0.04,0.09,1.0,209,0.0903490759753593,0.03,-0.9808292530117262,4.362634391628112
2024-07-19,220.0,0.04,0.02,0.07,13.0,341,0.0903490759753593,0.04,0.287682072451781,4.807268894361415
2024-07-19,225.0,0.05,0.0,0.06,1.0,104,0.0903490759753593,0.05,0.22314355131420976,5.130421240174471
2024-07-19,230.0,0.03,0.0,0.07,23.0,632,0.0903490759753593,0.03,-0.5108256237659907,5.081690873236539
2024-07-19,235.0,0.04,0.0,0.1,1.0,312,0.0903490759753593,0.04,0.287682072451781,5.49384650555256
2024-07-19,240.0,0.04,0.01,0.1,10.0,100,0.0903490759753593,0.04,0.0,5.565449025143607
2024-07-19,265.0,0.02,0.0,0.09,11.0,157,0.0903490759753593,0.02,-0.6931471805599453,5.639269858221982
2024-07-19,295.0,0.01,0.0,0.22,1.0,1,0.0903490759753593,0.01,-0.6931471805599453,5.700045241133805
2024-07-26,75.0,102.8,101.45,102.9,1.0,1,0.109514031485284,102.8,9.237955539009157,33.845373476742836
2024-07-26,80.0,96.9,96.5,97.9,1.0,1,0.109514031485284,96.9,-0.05910583412434409,33.83512744971568
2024-07-26,105.0,72.1,71.6,73.1,10.0,10,0.109514031485284,72.1,-0.29562547460581734,33.84482152009083
2024-07-26,125.0,51.71,51.75,53.25,1.0,1,0.109514031485284,51.71,-0.33240285788277324,33.85047839757698
2024-07-26,130.0,46.79,46.85,48.4,2.0,2,0.109514031485284,46.79,-0.09998168153000528,33.82511511640381
2024-07-26,135.0,42.47,41.8,43.5,2.0,4,0.109514031485284,42.47,-0.09687156055294514,33.780640961469174
2024-07-26,140.0,37.46,36.85,38.6,2.0,3,0.109514031485284,37.46,-0.12552424730923728,33.71589582494276
2024-07-26,145.0,32.75,31.95,33.65,2.0,2,0.109514031485284,32.75,-0.13437073493468155,33.618669395584355
2024-07-26,155.0,23.35,22.6,24.9,1.0,11,0.109514031485284,23.35,-0.33830597796635464,33.52753289477119
2024-07-26,160.0,19.13,18.6,19.7,1.0,12,0.109514031485284,19.13,-0.199339200662745,33.403328936828544
2024-07-26,165.0,14.83,13.95,15.45,3.0,16,0.109514031485284,14.83,-0.2546056273023207,33.293667872648996
2024-07-26,170.0,11.39,10.95,12.15,19.0,49,0.109514031485284,11.39,-0.26391637869074985,33.196233182188216
2024-07-26,175.0,8.2,7.25,8.65,23.0,173,0.109514031485284,8.2,-0.3286016231888834,33.17914213077665
2024-07-26,180.0,5.7,5.2,5.9,134.0,359,0.109514031485284,5.7,-0.36366797942970286,32.96578485065966
2024-07-26,185.0,4.1,3.45,3.95,183.0,166,0.109514031485284,4.1,-0.3294792011302425,33.02613168749244
2024-07-26,190.0,2.48,2.32,2.5,21.0,84,0.109514031485284,2.48,-0.5027284135333712,33.12097741234719
2024-07-26,195.0,1.45,1.12,1.8,158.0,194,0.109514031485284,1.45,-0.5366950037444077,33.127954653681236
2024-07-26,200.0,0.92,0.75,1.0,115.0,143,0.109514031485284,0.92,-0.454945165371534,33.19866832836743
2024-07-26,205.0,0.6,0.52,0.63,5.0,30,0.109514031485284,0.6,-0.4274440148269398,33.25586229960113
2024-07-26,210.0,0.33,0.3,0.53,12.0,16,0.109514031485284,0.33,-0.5978370007556204,33.22780232871093
2024-07-26,215.0,0.27,0.09,0.89,4.0,8,0.109514031485284,0.27,-0.2006706954621511,33.11703940361049
2024-07-26,220.0,0.2,0.04,0.75,8.0,8,0.109514031485284,0.2,-0.30010459245033816,2.393666500375778
2024-07-26,225.0,0.16,0.02,0.65,4.0,4,0.109514031485284,0.16,-0.22314355131420985,2.2512477631627688
2024-07-26,235.0,0.12,0.0,0.6,12.0,6,0.109514031485284,0.12,-0.2876820724517809,2.2518352995600552
2024-08-02,150.0,27.35,27.5,30.35,2.0,2,0.1286789869952087,27.35,5.428980065068082,19.984204408831843
2024-08-02,155.0,23.55,23.35,24.35,2.0,2,0.1286789869952087,23.55,-0.14959070840556352,19.987121681653647
2024-08-02,160.0,19.5,18.95,21.95,1.0,1,0.1286789869952087,19.5,-0.18871135489272572,19.993368430356778
2024-08-02,165.0,14.5,15.4,16.55,1.0,2,0.1286789869952087,14.5,-0.2962658161431724,20.011627172884523
2024-08-02,175.0,8.75,8.75,9.6,10.0,12,0.1286789869952087,8.75,-0.5050949490570057,20.073553449294632
2024-08-02,180.0,6.46,6.15,6.5,11.0,44,0.1286789869952087,6.46,-0.30342438257501253,20.067885252090385
2024-08-02,185.0,4.32,4.1,4.75,118.0,11,0.1286789869952087,4.32,-0.40237391553849144,20.09779933185976
2024-08-02,190.0,3.05,2.69,3.95,8.0,8,0.1286789869952087,3.05,-0.3481138116366989,20.111177219627315
2024-08-02,200.0,1.49,0.98,1.48,2.0,4,0.1286789869952087,1.49,-0.7163654706619524,20.225390171725635
2024-08-02,205.0,0.99,0.62,0.95,20.0,101,0.1286789869952087,0.99,-0.4088264558108691,20.238877282438423
2024-08-16,25.0,149.25,150.8,152.5,11.0,12,0.1670088980150581,149.25,5.015673088126213,26.855330376154154
2024-08-16,40.0,101.0,116.5,120.3,3.0,3,0.1670088980150581,101.0,-0.390502235431452,26.870043203055722
2024-08-16,50.0,123.67,126.0,127.75,1.0,45,0.1670088980150581,123.67,0.20249621091270623,26.764182102737408
2024-08-16,70.0,109.5,106.2,107.95,1.0,9,0.1670088980150581,109.5,-0.12169217849741018,26.661367249015793
2024-08-16,90.0,84.5,86.4,88.15,8.0,160,0.1670088980150581,84.5,-0.2591730148934273,26.608796743022413
2024-08-16,95.0,82.35,81.5,83.2,20.0,13,0.1670088980150581,82.35,-0.025773077739478897,26.52279730639429
2024-08-16,100.0,77.75,76.55,79.05,1.0,233,0.1670088980150581,77.75,-0.05747990556430575,26.37480658908427
2024-08-16,105.0,72.5,71.6,73.35,1.0,5,0.1670088980150581,72.5,-0.06991198919871441,26.349901188184866
2024-08-16,110.0,68.81,66.65,68.3,3.0,111,0.1670088980150581,68.81,-0.052237478646240544,26.296700555747833
2024-08-16,115.0,52.27,56.5,60.65,7.0,127,0.1670088980150581,52.27,-0.274926490489558,26.309746640035097
2024-08-16,120.0,58.1,56.8,59.45,1.0,336,0.1670088980150581,58.1,0.10574307113303502,26.23880619225801
2024-08-16,125.0,53.15,51.9,54.55,25.0,503,0.1670088980150581,53.15,-0.08904755906990872,18.43565223184745
2024-08-16,130.0,47.8,47.0,49.65,6.0,622,0.1670088980150581,47.8,-0.10609246529054665,18.430879612929242
2024-08-16,135.0,43.1,42.15,44.8,2.0,4408,0.1670088980150581,43.1,-0.10350264238770814,18.420283772623666
2024-08-16,140.0,38.35,37.35,40.0,1.0,2696,0.1670088980150581,38.35,-0.11676846929643693,18.389740177531237
2024-08-16,145.0,33.0,31.65,34.25,3.0,5557,0.1670088980150581,33.0,-0.15024696634678494,18.296522940928078
2024-08-16,150.0,28.63,27.85,29.55,2.0,2140,0.1670088980150581,28.63,-0.1420524423564566,18.264289984268167
2024-08-16,155.0,24.4,24.6,25.05,54.0,2744,0.1670088980150581,24.4,-0.1598719868108676,18.204334553776906
2024-08-16,160.0,20.2,20.3,20.85,40.0,1708,0.1670088980150581,20.2,-0.18890052789199707,18.165200496813036
2024-08-16,165.0,16.31,16.4,16.9,56.0,6946,0.1670088980150581,16.31,-0.21390418777423664,17.96645685062723
2024-08-16,170.0,12.73,12.85,13.05,199.0,3092,0.1670088980150581,12.73,-0.2478170040636073,17.91601286643441
2024-08-16,175.0,9.75,9.8,9.95,562.0,6864,0.1670088980150581,9.75,-0.2666941275595593,2.0854804747428197
2024-08-16,180.0,7.3,7.25,7.4,728.0,7075,0.1670088980150581,7.3,-0.28939293685541034,1.9513991296925022
2024-08-16,185.0,5.15,5.15,5.3,231.0,5063,0.1670088980150581,5.15,-0.3488776334787006,1.7041696202210745
2024-08-16,190.0,3.61,3.65,3.7,277.0,3651,0.1670088980150581,3.61,-0.3552889423308554,1.839658367738274
2024-08-16,195.0,2.4,1.91,2.76,58.0,2572,0.1670088980150581,2.4,-0.40823903499088965,2.003544455391229
2024-08-16,200.0,1.6,1.59,1.86,440.0,4211,0.1670088980150581,1.6,-0.4054651081081643,2.090013630715272
2024-08-16,205.0,1.05,1.03,1.11,205.0,928,0.1670088980150581,1.05,-0.42121346507630353,2.1823130349427085
2024-08-16,210.0,0.71,0.67,0.73,14.0,1507,0.1670088980150581,0.71,-0.39128047311620806,2.2153841052400782
2024-08-16,215.0,0.46,0.45,0.55,31.0,356,0.1670088980150581,0.46,-0.4340384805522204,2.2450609701891264
2024-08-16,220.0,0.37,0.29,0.36,4.0,291,0.1670088980150581,0.37,-0.21772348384487067,2.242100109727898
2024-08-16,225.0,0.23,0.2,0.27,1.0,275,0.1670088980150581,0.23,-0.4754236967150748,2.019608761707461
2024-08-16,230.0,0.18,0.15,0.21,3.0,56,0.1670088980150581,0.18,-0.2451224580329851,1.919715064238741
2024-08-16,235.0,0.12,0.1,0.18,2.0,237,0.1670088980150581,0.12,-0.40546510810816444,1.8755819184608764
2024-08-16,240.0,0.1,0.08,0.14,2.0,267,0.1670088980150581,0.1,-0.1823215567939546,1.7976772150081612
2024-08-16,245.0,0.07,0.06,0.13,13.0,174,0.1670088980150581,0.07,-0.3566749439387323,1.6976121282698067
2024-08-16,250.0,0.08,0.03,0.12,1.0,457,0.1670088980150581,0.08,0.13353139262452257,2.218380732386963
2024-08-16,255.0,0.05,0.03,0.1,1.0,307,0.1670088980150581,0.05,-0.4700036292457356,2.2396007148852113
2024-08-16,260.0,0.07,0.02,0.1,200.0,159,0.1670088980150581,0.07,0.336472236621213,3.1232512354621855
2024-08-16,265.0,0.06,0.02,0.08,1.0,149,0.1670088980150581,0.06,-0.1541506798272585,3.138132187616459
2024-08-16,270.0,0.05,0.02,0.08,300.0,263,0.1670088980150581,0.05,-0.1823215567939546,3.1480373811657656
2024-08-16,275.0,0.05,0.02,0.07,528.0,2505,0.1670088980150581,0.05,0.0,3.2894644692488257
2024-08-16,280.0,0.05,0.0,0.12,100.0,46,0.1670088980150581,0.05,0.0,3.413883568990765
2024-08-16,285.0,0.03,0.0,0.13,2.0,198,0.1670088980150581,0.03,-0.5108256237659907,3.5294044099329573
2024-08-16,290.0,0.02,0.0,0.12,1.0,2,0.1670088980150581,0.02,-0.4054651081081643,3.5523967921107604
2024-08-16,295.0,0.03,0.01,0.05,100.0,100,0.1670088980150581,0.03,0.4054651081081644,4.221467932582646
2024-08-16,300.0,0.03,0.0,0.12,1.0,1,0.1670088980150581,0.03,0.0,4.238818158297481
2024-09-20,25.0,146.1,151.55,152.4,1.0,102,0.2628336755646817,146.1,8.490849216076635,30.390476968582306
2024-09-20,30.0,146.8,145.95,147.7,1.0,137,0.2628336755646817,146.8,0.004779797423761571,30.313847113998165
2024-09-20,35.0,75.73,82.5,87.5,2.0,5,0.2628336755646817,75.73,-0.6618967330546839,30.398696979062972
2024-09-20,40.0,102.25,111.6,115.6,1.0,4,0.2628336755646817,102.25,0.3002464117971797,30.305194167429836
2024-09-20,45.0,126.57,131.85,132.65,5.0,24,0.2628336755646817,126.57,0.21337471988144582,30.256802620231156
2024-09-20,50.0,128.19,126.2,127.95,1.0,39,0.2628336755646817,128.19,0.012718023519686409,30.150741751953284
2024-09-20,55.0,99.97,0.0,0.0,1.0,81,0.2628336755646817,99.97,-0.24864339734495391,30.151547926792933
2024-09-20,60.0,117.1,116.3,118.05,3.0,76,0.2628336755646817,117.1,0.15815812962458234,30.04820555244171
2024-09-20,65.0,68.38,88.65,89.5,150.0,212,0.2628336755646817,68.38,-0.5379478863925166,30.149356212676388
2024-09-20,70.0,106.05,106.4,108.2,1.0,334,0.2628336755646817,106.05,0.4388302967995362,30.053221217417917
2024-09-20,75.0,102.23,101.5,104.25,1.0,162,0.2628336755646817,102.23,-0.036685504241768724,30.074355281178907
2024-09-20,80.0,97.85,96.7,98.35,4.0,685,0.2628336755646817,97.85,-0.04378948292683751,29.965650336739998
2024-09-20,85.0,80.33,86.6,88.85,2.0,330,0.2628336755646817,80.33,-0.1972925436563641,30.02811689998854
2024-09-20,90.0,79.27,85.25,86.0,1.0,561,0.2628336755646817,79.27,-0.013283403336656698,30.0031290852423
2024-09-20,95.0,82.45,81.85,84.6,4.0,208,0.2628336755646817,82.45,0.03933230215654341,29.9641034112009
2024-09-20,100.0,74.0,76.95,79.7,1.0,202,0.2628336755646817,74.0,-0.10812695580143825,29.98247798409863
2024-09-20,105.0,73.4,72.05,74.8,2.0,423,0.2628336755646817,73.4,-0.008141157583699774,29.983680494047942
2024-09-20,110.0,68.38,67.15,69.9,2.0,309,0.2628336755646817,68.38,-0.07084355140931486,29.863530690594107
2024-09-20,115.0,61.91,62.25,65.05,2.0,531,0.2628336755646817,61.91,-0.0993986666800144,29.78233721296889
2024-09-20,120.0,59.1,57.35,59.1,11.0,867,0.2628336755646817,59.1,-0.04645079311908818,29.819115262984642
2024-09-20,125.0,53.75,52.5,55.3,2.0,4168,0.2628336755646817,53.75,-0.0948872574042804,29.835405675177714
2024-09-20,130.0,49.5,47.7,50.5,6.0,2698,0.2628336755646817,49.5,-0.08237099743312755,3.848542704809656
2024-09-20,135.0,43.85,42.9,45.7,6.0,3126,0.2628336755646817,43.85,-0.12119795075645252,3.85005634441486
2024-09-20,140.0,39.45,38.35,39.7,37.0,5741,0.2628336755646817,39.45,-0.10574067152630871,3.172456412654336
2024-09-20,145.0,35.15,33.7,35.1,25.0,3993,0.2628336755646817,35.15,-0.11540942903520947,2.944061598385536
2024-09-20,150.0,30.26,30.3,30.55,25.0,9172,0.2628336755646817,30.26,-0.149797909896464,2.798585886363645
2024-09-20,155.0,25.82,25.85,26.25,23.0,4195,0.2628336755646817,25.82,-0.1586773229417134,2.79917031536027
2024-09-20,160.0,21.74,21.7,22.4,27.0,5795,0.2628336755646817,21.74,-0.17199550372543318,2.7519035664157467
2024-09-20,165.0,18.15,17.3,18.4,14.0,4217,0.2628336755646817,18.15,-0.18048332098220354,2.641859281310867
2024-09-20,170.0,14.65,14.55,15.0,49.0,5139,0.2628336755646817,14.65,-0.2142302252477834,2.1384010700554628
2024-09-20,175.0,11.75,11.75,11.9,229.0,8478,0.2628336755646817,11.75,-0.22058709487290842,1.1311242965533006
2024-09-20,180.0,9.25,9.15,9.3,595.0,8505,0.2628336755646817,9.25,-0.2392296890658341,1.1934187457973207
2024-09-20,185.0,6.97,7.0,7.15,146.0,3832,0.2628336755646817,6.97,-0.28300832675190135,1.2981663441132862
2024-09-20,190.0,5.25,5.25,5.4,115.0,4443,0.2628336755646817,5.25,-0.28338714816890004,1.3889889109050984
2024-09-20,195.0,3.85,3.85,4.0,136.0,1625,0.2628336755646817,3.85,-0.31015492830383945,1.454114696706142
2024-09-20,200.0,2.76,2.7,2.9,147.0,7502,0.2628336755646817,2.76,-0.3328424685706344,1.4341649830652936
2024-09-20,205.0,1.99,1.55,2.04,311.0,2148,0.2628336755646817,1.99,-0.3270960409926575,1.528479669724144
2024-09-20,210.0,1.42,1.4,1.54,6.0,2072,0.2628336755646817,1.42,-0.3374777671232317,1.5087535136879084
2024-09-20,215.0,1.05,0.99,1.08,1.0,790,0.2628336755646817,1.05,-0.30186670744373734,1.4951574202310745
2024-09-20,220.0,0.74,0.71,0.77,18.0,729,0.2628336755646817,0.74,-0.3498952569533537,1.536410733639532
2024-09-20,225.0,0.48,0.52,0.59,1.0,842,0.2628336755646817,0.48,-0.43286408229627876,1.5974910126336357
2024-09-20,230.0,0.44,0.36,0.48,3.0,578,0.2628336755646817,0.44,-0.08701137698962969,1.6060445927757352
2024-09-20,235.0,0.34,0.16,0.38,2.0,1036,0.2628336755646817,0.34,-0.2578291093020997,1.5169881703396846
2024-09-20,240.0,0.31,0.22,0.31,1.0,1558,0.2628336755646817,0.31,-0.09237332013101517,1.5477307978801274
2024-09-20,245.0,0.25,0.01,0.27,1.0,82,0.2628336755646817,0.25,-0.21511137961694543,1.476662246221822
2024-09-20,250.0,0.21,0.14,0.23,1.0,202,0.2628336755646817,0.21,-0.1743533871447778,1.4267621202008174
2024-09-20,255.0,0.16,0.11,0.2,1.0,5735,0.2628336755646817,0.16,-0.27193371548364165,1.387539205585254
2024-09-20,260.0,0.18,0.09,0.17,2.0,446,0.2628336755646817,0.18,0.11778303565638346,1.8644402160965639
2024-09-20,265.0,0.11,0.07,0.16,1.0,2213,0.2628336755646817,0.11,-0.49247648509779407,2.046435997337254
2024-09-20,270.0,0.08,0.05,0.16,1.0,423,0.2628336755646817,0.08,-0.3184537311185346,2.041714871945386
2024-09-20,275.0,0.08,0.04,0.13,9.0,148,0.2628336755646817,0.08,0.0,2.2264939600962053
2024-09-20,280.0,0.08,0.04,0.12,200.0,443,0.2628336755646817,0.08,0.0,2.3862389244154762
2024-09-20,285.0,0.1,0.04,0.1,5.0,511,0.2628336755646817,0.1,0.22314355131420976,2.870645483863654
2024-09-20,290.0,0.04,0.04,0.1,100.0,120,0.2628336755646817,0.04,-0.9162907318741551,3.758884480753647
2024-09-20,295.0,0.1,0.02,0.1,1.0,201,0.2628336755646817,0.1,0.9162907318741551,5.501065542022333
2024-09-20,300.0,0.05,0.03,0.17,1.0,341,0.2628336755646817,0.05,-0.6931471805599453,5.761509934346159
2024-10-18,70.0,109.85,106.7,108.55,1.0,21,0.3394934976043806,109.85,7.69484807238461,27.94695605847198
2024-10-18,85.0,70.1,90.25,92.1,2.0,4,0.3394934976043806,70.1,-0.4491930047900749,27.977802231522585
2024-10-18,90.0,46.2,67.5,68.5,2.0,0,0.3394934976043806,46.2,-0.416942995952851,27.9972971481106
2024-10-18,95.0,86.09,82.3,84.1,4.0,5,0.3394934976043806,86.09,0.6224134625821701,27.985831522143332
2024-10-18,100.0,78.77,77.4,79.25,2.0,9,0.3394934976043806,78.77,-0.0888610469546304,27.934610621514942
2024-10-18,105.0,74.35,72.5,75.35,1.0,6,0.3394934976043806,74.35,-0.057748540809068924,27.853870480239525
2024-10-18,110.0,68.67,67.65,70.5,1.0,8,0.3394934976043806,68.67,-0.07947125027357894,27.852766868696477
2024-10-18,115.0,65.05,62.8,65.65,1.0,32,0.3394934976043806,65.05,-0.05415621767407079,27.815764632828458
2024-10-18,120.0,57.46,58.0,60.85,1.0,97,0.3394934976043806,57.46,-0.12406715140737078,27.820898892898708
2024-10-18,125.0,54.21,53.2,56.05,1.0,292,0.3394934976043806,54.21,-0.0582236602788967,27.793239283266104
2024-10-18,130.0,49.84,48.4,51.25,4.0,459,0.3394934976043806,49.84,-0.08404751879304902,27.777370477541318
2024-10-18,135.0,44.5,43.7,46.5,2.0,527,0.3394934976043806,44.5,-0.11332868530700324,27.744482662536516
2024-10-18,140.0,39.85,40.1,40.6,2.0,650,0.3394934976043806,39.85,-0.11036678393597042,27.77129128011194
2024-10-18,145.0,33.3,34.5,36.1,3.0,545,0.3394934976043806,33.3,-0.17956500824982596,27.685891477683768
2024-10-18,150.0,31.2,31.35,31.95,2.0,1263,0.3394934976043806,31.2,-0.06513930217096138,27.631669818827937
2024-10-18,155.0,27.97,27.2,27.5,19.0,1013,0.3394934976043806,27.97,-0.10928558760156827,27.64841611512563
2024-10-18,160.0,23.5,23.0,23.8,5.0,1771,0.3394934976043806,23.5,-0.174132086063755,27.67711362147473
2024-10-18,165.0,19.45,19.55,19.9,1.0,3172,0.3394934976043806,19.45,-0.1891533510856581,27.722835605324907
2024-10-18,170.0,15.9,16.25,16.45,18.0,1345,0.3394934976043806,15.9,-0.20152796083826935,27.452895379613945
2024-10-18,175.0,13.15,13.25,13.95,86.0,972,0.3394934976043806,13.15,-0.18989735060241225,27.39977602114751
2024-10-18,180.0,10.6,10.65,10.8,33.0,983,0.3394934976043806,10.6,-0.21556775750575222,27.24603729002654
2024-10-18,185.0,8.4,8.4,8.6,329.0,982,0.3394934976043806,8.4,-0.23262229526875347,3.1974774394508367
2024-10-18,190.0,6.45,6.55,6.7,8.0,1575,0.3394934976043806,6.45,-0.2641515750415869,3.0184438486188054
2024-10-18,195.0,5.02,5.05,5.6,16.0,425,0.3394934976043806,5.02,-0.25065019710404335,2.858620048915903
2024-10-18,200.0,3.85,3.8,3.95,53.0,1345,0.3394934976043806,3.85,-0.26535678540394486,1.157706552146408
2024-10-18,210.0,2.13,2.14,2.23,11.0,485,0.3394934976043806,2.13,-0.5919511685783592,1.9047663737750848
2024-10-18,220.0,1.21,1.17,1.26,32.0,846,0.3394934976043806,1.21,-0.565501620112684,2.293680732349622
2024-10-18,230.0,0.71,0.7,0.75,6.0,609,0.3394934976043806,0.71,-0.5331106685554258,2.529255832045283
2024-10-18,240.0,0.44,0.38,0.47,1.0,493,0.3394934976043806,0.44,-0.47849024312305416,2.609403362684324
2024-10-18,250.0,0.3,0.25,0.35,1.0,424,0.3394934976043806,0.3,-0.38299225225610584,2.621196188608109
2024-10-18,260.0,0.2,0.17,0.28,1.0,25,0.3394934976043806,0.2,-0.4054651081081643,2.576304296206927
2024-10-18,265.0,0.18,0.14,0.25,3.0,123,0.3394934976043806,0.18,-0.1053605156578264,2.5582520162885873
2024-10-18,270.0,0.2,0.11,0.22,4.0,110,0.3394934976043806,0.2,0.10536051565782635,2.823081866033452
2024-10-18,275.0,0.19,0.07,0.2,5.0,105,0.3394934976043806,0.19,-0.05129329438755058,2.8688874337044448
2024-10-18,280.0,0.14,0.08,0.18,10.0,1390,0.3394934976043806,0.14,-0.30538164955118174,2.860538642888056
2024-10-18,285.0,0.18,0.06,0.17,1.0,195,0.3394934976043806,0.18,0.251314428280906,3.307985996270589
2024-10-18,290.0,0.12,0.05,0.16,2.0,264,0.3394934976043806,0.12,-0.40546510810816444,3.313438249981029
2024-10-18,295.0,0.12,0.04,0.14,50.0,250,0.3394934976043806,0.12,0.0,3.4231182295674962
2024-10-18,300.0,0.07,0.04,0.13,2.0,20,0.3394934976043806,0.07,-0.5389965007326869,3.555073627395279
2024-11-15,50.0,124.04,126.55,128.4,1.0,2,0.4161533196440794,124.04,7.4798641311650265,27.083995204066326
2024-11-15,55.0,82.5,97.9,99.85,1.0,1,0.4161533196440794,82.5,-0.4078058008916129,27.12365319379915
2024-11-15,70.0,68.96,83.5,85.45,2.0,1,0.4161533196440794,68.96,-0.17927166698519775,27.118835077868916
2024-11-15,75.0,101.78,102.2,104.05,3.0,4,0.4161533196440794,101.78,0.38928699480524903,27.111422459955588
2024-11-15,80.0,59.64,74.0,75.9,2.0,1,0.4161533196440794,59.64,-0.5344871312641489,27.175631981095965
2024-11-15,85.0,89.57,90.65,93.65,2.0,2,0.4161533196440794,89.57,0.4066939525905661,27.16235697509286
2024-11-15,100.0,69.93,76.55,78.25,5.0,11,0.4161533196440794,69.93,-0.2475257007713283,27.159097136133234
2024-11-15,110.0,67.93,68.3,71.15,25.0,57,0.4161533196440794,67.93,-0.029016978512564934,27.038182097194696
2024-11-15,115.0,47.88,63.2,66.65,1.0,41,0.4161533196440794,47.88,-0.34977988251343817,26.97501180815137
2024-11-15,120.0,61.17,58.75,61.6,5.0,142,0.4161533196440794,61.17,0.24495899256470113,26.85198167372542
2024-11-15,125.0,55.36,54.05,56.75,1.0,306,0.4161533196440794,55.36,-0.09979956194505943,26.761139042165908
2024-11-15,130.0,48.3,50.45,51.2,5.0,272,0.4161533196440794,48.3,-0.13642575065088722,26.703517733341176
2024-11-15,135.0,45.15,43.75,46.45,2.0,190,0.4161533196440794,45.15,-0.06744128079553253,26.625814253489064
2024-11-15,140.0,41.2,40.3,41.95,24.0,495,0.4161533196440794,41.2,-0.09155202350751358,26.62348228681736
2024-11-15,145.0,36.65,37.1,37.45,5.0,1063,0.4161533196440794,36.65,-0.11702482802282034,26.650755085537593
2024-11-15,150.0,32.45,32.9,33.3,22.0,564,0.4161533196440794,32.45,-0.12171298518256134,26.66183814990284
2024-11-15,155.0,27.65,28.9,29.55,10.0,357,0.4161533196440794,27.65,-0.16007471518175537,26.62878945351191
2024-11-15,160.0,24.8,25.15,25.5,18.0,863,0.4161533196440794,24.8,-0.10878207479740722,26.658056515339226
2024-11-15,165.0,21.35,21.75,22.05,5.0,2415,0.4161533196440794,21.35,-0.14979191349630286,26.595352595695722
2024-11-15,170.0,18.51,18.45,18.75,3.0,1033,0.4161533196440794,18.51,-0.14274061308922736,26.61662599248418
2024-11-15,175.0,15.6,15.55,15.85,21.0,558,0.4161533196440794,15.6,-0.1710402123299149,26.511259243585723
2024-11-15,180.0,13.0,12.95,13.15,33.0,1665,0.4161533196440794,13.0,-0.1823215567939546,3.577965183119426
2024-11-15,185.0,10.55,10.7,10.85,16.0,1518,0.4161533196440794,10.55,-0.20882349753946122,3.430842770986401
2024-11-15,190.0,8.62,8.2,8.9,3.0,2601,0.4161533196440794,8.62,-0.2020407752464739,3.438542098188026
2024-11-15,195.0,6.97,7.05,7.2,5.0,760,0.4161533196440794,6.97,-0.21246985990316922,2.9604174540816937
2024-11-15,200.0,5.65,5.55,5.8,7.0,1877,0.4161533196440794,5.65,-0.20995967961408288,2.588619413685724
2024-11-15,210.0,3.57,3.0,3.7,2.0,1017,0.4161533196440794,3.57,-0.45908994936680203,2.091492668725268
2024-11-15,220.0,2.2,2.19,2.37,35.0,828,0.4161533196440794,2.2,-0.4841082354272775,2.367881707942378
2024-11-15,230.0,1.41,1.39,1.49,5.0,355,0.4161533196440794,1.41,-0.4448676559741933,2.5019982350941956
2024-11-15,240.0,0.92,0.9,1.01,9.0,124,0.4161533196440794,0.92,-0.4269713133291279,2.5793347650242504
2024-11-15,250.0,0.64,0.57,0.71,21.0,70,0.4161533196440794,0.64,-0.3629054936893685,2.1099376608993645
2024-11-15,260.0,0.42,0.38,0.53,1.0,35,0.4161533196440794,0.42,-0.42121346507630353,2.177407630764639
2024-11-15,270.0,0.37,0.27,0.41,13.0,11,0.4161533196440794,0.37,-0.1267517056391439,2.183033515134001
2024-11-15,280.0,0.25,0.2,0.34,21.0,262,0.4161533196440794,0.25,-0.39204208777602373,2.164270358191521
2024-11-15,295.0,0.23,0.13,0.23,200.0,101,0.4161533196440794,0.23,-0.08338160893905101,2.171857306052334
2024-11-15,300.0,0.2,0.11,0.23,1.0,30,0.4161533196440794,0.2,-0.13976194237515874,2.1560762770261137
2024-12-20,45.0,105.82,90.85,94.4,1.0,111,0.5119780971937029,105.82,6.271177449910086,22.703393145119787
2024-12-20,50.0,122.54,124.75,127.75,1.0,162,0.5119780971937029,122.54,0.14669796982152303,22.691424552735242
2024-12-20,55.0,59.38,53.5,58.5,2.0,4,0.5119780971937029,59.38,-0.7244800379618949,22.852517673072963
2024-12-20,60.0,116.5,117.0,118.9,1.0,146,0.5119780971937029,116.5,0.6739338036701416,22.94357080630142
2024-12-20,65.0,104.7,110.55,111.45,10.0,185,0.5119780971937029,104.7,-0.10679215512926404,22.939495230749134
2024-12-20,70.0,103.75,105.45,108.45,36.0,210,0.5119780971937029,103.75,-0.009114958765683547,22.92379654295725
2024-12-20,75.0,99.1,100.6,103.6,41.0,103,0.5119780971937029,99.1,-0.04585471777486545,22.908222330749446
2024-12-20,80.0,72.5,77.45,79.15,1.0,110,0.5119780971937029,72.5,-0.3125428794753132,22.92846174692229
2024-12-20,85.0,82.98,87.5,91.55,1.0,98,0.5119780971937029,82.98,0.13501305304409275,22.90375398761865
2024-12-20,90.0,87.72,87.95,90.85,1.0,120,0.5119780971937029,87.72,0.05555030864496562,22.875327261964042
2024-12-20,95.0,82.63,83.1,86.0,1.0,80,0.5119780971937029,82.63,-0.0597771128365945,22.853888736092088
2024-12-20,100.0,79.2,78.3,79.95,2.0,727,0.5119780971937029,79.2,-0.04239651189271277,22.764481817407784
2024-12-20,105.0,70.8,71.85,74.85,46.0,580,0.5119780971937029,70.8,-0.11211729812070612,22.670697002776855
2024-12-20,110.0,70.9,68.75,71.65,1.0,237,0.5119780971937029,70.9,0.0014114328384078085,22.57184841367055
2024-12-20,115.0,61.4,64.05,66.95,1.0,863,0.5119780971937029,61.4,-0.1438605983849852,22.496066682576906
2024-12-20,120.0,60.48,59.35,62.25,1.0,473,0.5119780971937029,60.48,-0.015097103281819249,22.41853242265409
2024-12-20,125.0,55.65,54.7,57.6,1.0,710,0.5119780971937029,55.65,-0.08323065414972365,22.32776345554141
2024-12-20,130.0,51.3,51.15,51.85,1.0,556,0.5119780971937029,51.3,-0.08139132554483001,22.31911367999329
2024-12-20,135.0,45.41,45.6,47.4,5.0,6622,0.5119780971937029,45.41,-0.12195840706686409,22.243009057219165
2024-12-20,140.0,42.21,41.25,43.1,7.0,1754,0.5119780971937029,42.21,-0.07307518531545228,22.241104590621966
2024-12-20,145.0,38.1,37.95,38.85,2.0,4496,0.5119780971937029,38.1,-0.10244287766175203,22.233276522004758
2024-12-20,150.0,34.32,34.15,34.45,15.0,1633,0.5119780971937029,34.32,-0.10448600751289383,3.834333322025859
2024-12-20,155.0,30.6,30.25,30.7,7.0,2524,0.5119780971937029,30.6,-0.11472826566142637,3.7686278525777688
2024-12-20,160.0,26.3,26.6,27.05,15.0,5626,0.5119780971937029,26.3,-0.1514310697746163,2.9385651123336074
2024-12-20,165.0,23.1,22.9,23.45,4.0,3587,0.5119780971937029,23.1,-0.12973632165597093,1.396981596405742
2024-12-20,170.0,19.65,20.0,20.5,16.0,2825,0.5119780971937029,19.65,-0.16175527921247773,1.4244308822649188
2024-12-20,175.0,17.03,16.9,17.35,8.0,2232,0.5119780971937029,17.03,-0.14310084364067316,1.416408321352955
2024-12-20,180.0,14.5,14.5,14.75,17.0,4371,0.5119780971937029,14.5,-0.16082784524806826,1.4312181895481284
2024-12-20,185.0,12.1,12.2,12.4,9.0,6606,0.5119780971937029,12.1,-0.1809431968238333,1.2341944724860132
2024-12-20,190.0,10.19,10.15,10.5,33.0,2024,0.5119780971937029,10.19,-0.17179860536806196,0.974572101203886
2024-12-20,195.0,8.42,8.45,8.6,5.0,2932,0.5119780971937029,8.42,-0.19079701898039803,0.8445210261935223
2024-12-20,200.0,6.92,6.95,7.1,28.0,4383,0.5119780971937029,6.92,-0.19619405862465722,0.8708551335120832
2024-12-20,205.0,5.65,5.65,5.9,1.0,1434,0.5119780971937029,5.65,-0.20276022447122857,0.8724013348985259
2024-12-20,210.0,4.7,4.6,4.75,1.0,1797,0.5119780971937029,4.7,-0.1840930364423367,0.8936220717221205
2024-12-20,215.0,3.3,3.7,3.95,1.0,883,0.5119780971937029,3.3,-0.3536400402435785,1.0691420123875033
2024-12-20,220.0,3.01,3.0,3.15,120.0,1026,0.5119780971937029,3.01,-0.09198238971165021,1.0854683997425172
2024-12-20,225.0,2.35,2.43,2.54,1.0,568,0.5119780971937029,2.35,-0.24752475060471663,1.0362842921840343
2024-12-20,230.0,1.85,1.97,2.13,1.0,407,0.5119780971937029,1.85,-0.2392296890658341,1.0416838348537034
2024-12-20,235.0,1.66,1.61,1.73,5.0,572,0.5119780971937029,1.66,-0.10836803672178165,1.0193026542297288
2024-12-20,240.0,1.35,1.32,1.46,3.0,893,0.5119780971937029,1.35,-0.20671300991811364,1.0181944706359238
2024-12-20,245.0,1.12,1.09,1.36,1.0,575,0.5119780971937029,1.12,-0.18677590714333495,0.9599782326660137
2024-12-20,250.0,0.98,0.91,1.0,2.0,262,0.5119780971937029,0.98,-0.13353139262452274,0.9370253571837714
2024-12-20,255.0,0.99,0.75,0.86,5.0,154,0.5119780971937029,0.99,0.010152371464017908,1.1123941993724
2024-12-20,260.0,0.66,0.6,0.75,5.0,365,0.5119780971937029,0.66,-0.4054651081081643,1.3620771307027877
2024-12-20,265.0,0.62,0.49,0.67,1.0,1138,0.5119780971937029,0.62,-0.06252035698133405,1.4213217083975123
2024-12-20,270.0,0.5,0.42,0.59,1.0,9,0.5119780971937029,0.5,-0.21511137961694543,1.4152036028296737
2024-12-20,275.0,0.5,0.36,0.53,2.0,42,0.5119780971937029,0.5,0.0,1.5496554229078265
2024-12-20,280.0,0.43,0.31,0.48,1.0,1,0.5119780971937029,0.43,-0.15082288973458366,1.547893743375183
2024-12-20,285.0,0.4,0.27,0.44,1.0,2,0.5119780971937029,0.4,-0.07232066157962602,1.5880824172009018
2024-12-20,290.0,0.45,0.24,0.4,2.0,2,0.5119780971937029,0.45,0.11778303565638346,1.8755803741176342
2024-12-20,295.0,0.29,0.21,0.37,1.0,5,0.5119780971937029,0.29,-0.4393666597838458,2.1162216315054514
2024-12-20,300.0,0.25,0.19,0.34,22.0,43,0.5119780971937029,0.25,-0.14842000511827322,2.1159370265738735
2025-01-17,45.0,129.97,131.75,133.65,2.0,2171,0.5886379192334018,129.97,6.253598015713387,22.33845584997634
2025-01-17,50.0,127.8,126.95,128.75,1.0,3676,0.5886379192334018,127.8,-0.01683711265006263,22.311814891963873
2025-01-17,55.0,122.7,122.1,123.95,1.0,504,0.5886379192334018,122.7,-0.040724190226568584,22.29040291443856
2025-01-17,60.0,118.5,117.3,119.1,1.0,507,0.5886379192334018,118.5,-0.034829391141679926,22.22594361390044
2025-01-17,65.0,104.53,109.85,112.65,80.0,375,0.5886379192334018,104.53,-0.12543884903057012,22.231224007408816
2025-01-17,70.0,107.8,106.65,109.55,10.0,697,0.5886379192334018,107.8,0.03080354693028089,22.186391289333603
2025-01-17,75.0,103.36,102.85,104.75,2.0,268,0.5886379192334018,103.36,-0.042059618440605094,22.1496862071502
2025-01-17,80.0,100.0,98.05,99.9,1.0,1414,0.5886379192334018,100.0,-0.03304785404620039,22.138368684790308
2025-01-17,85.0,93.35,93.2,95.15,1.0,1386,0.5886379192334018,93.35,-0.06881431600035975,22.111965860502217
2025-01-17,90.0,89.6,88.45,89.95,1.0,2331,0.5886379192334018,89.6,-0.04100055000684685,22.08544456972487
2025-01-17,95.0,80.3,83.65,86.55,2.0,1974,0.5886379192334018,80.3,-0.10958569902816873,22.080924997631932
2025-01-17,100.0,82.0,78.9,81.8,1.0,4690,0.5886379192334018,82.0,0.020949626311537208,22.079726520031834
2025-01-17,105.0,76.1,74.15,77.05,1.0,2047,0.5886379192334018,76.1,-0.07467098239661303,21.99304909578551
2025-01-17,110.0,74.2,69.4,72.3,4.0,3474,0.5886379192334018,74.2,-0.025284114694305315,21.987270023352668
2025-01-17,115.0,66.67,64.7,67.55,1.0,1132,0.5886379192334018,66.67,-0.10700907354336618,21.963004739332977
2025-01-17,120.0,61.45,60.05,62.95,3.0,5289,0.5886379192334018,61.45,-0.08153124061792477,21.975715109361616
2025-01-17,125.0,56.45,56.45,57.15,55.0,5486,0.5886379192334018,56.45,-0.08486854541637284,21.962531324609614
2025-01-17,130.0,52.25,50.9,52.8,32.0,4328,0.5886379192334018,52.25,-0.07731539975075064,21.96341088089308
2025-01-17,135.0,47.04,46.45,48.05,3.0,6162,0.5886379192334018,47.04,-0.10504158725454892,21.991558938591552
2025-01-17,140.0,43.25,41.2,43.6,34.0,6236,0.5886379192334018,43.25,-0.08400107021248315,21.891247787342714
2025-01-17,145.0,38.69,38.1,39.5,1.0,6765,0.5886379192334018,38.69,-0.1114160646654668,21.883384557033988
2025-01-17,150.0,35.1,35.1,35.4,46.0,18982,0.5886379192334018,35.1,-0.09738003824060137,0.6868106938724323
2025-01-17,155.0,30.8,31.3,31.6,51.0,7472,0.5886379192334018,30.8,-0.1306864404922913,0.7047738356548278
2025-01-17,160.0,27.65,27.5,28.1,49.0,12827,0.5886379192334018,27.65,-0.107888962011185,0.7106902098161656
2025-01-17,165.0,24.2,24.3,24.6,128.0,7393,0.5886379192334018,24.2,-0.13327309480570307,0.7292101973935099
2025-01-17,170.0,21.2,21.15,21.4,71.0,20039,0.5886379192334018,21.2,-0.13235145148467398,0.7355234610833115
2025-01-17,175.0,18.2,18.25,18.5,72.0,4435,0.5886379192334018,18.2,-0.15257958759521706,0.6716374117533463
2025-01-17,180.0,15.6,15.65,15.95,60.0,12393,0.5886379192334018,15.6,-0.15415067982725822,0.6938318466845138
2025-01-17,185.0,13.15,13.25,13.55,48.0,9304,0.5886379192334018,13.15,-0.1708491556317178,0.7150837614701803
2025-01-17,190.0,11.2,11.25,11.55,438.0,6016,0.5886379192334018,11.2,-0.16050798032272476,0.7402819444271921
2025-01-17,195.0,9.35,9.45,9.75,25.0,5150,0.5886379192334018,9.35,-0.1805374350004532,0.755499468544011
2025-01-17,200.0,7.9,7.9,8.1,700.0,66672,0.5886379192334018,7.9,-0.16851358382761977,0.7844560690049606
2025-01-17,205.0,6.45,6.05,6.75,605.0,1547,0.5886379192334018,6.45,-0.20278262866529467,0.6894581741814547
2025-01-17,210.0,5.4,5.45,5.7,522.0,6016,0.5886379192334018,5.4,-0.17768117723745236,0.6944203780952618
2025-01-17,215.0,4.37,4.5,4.7,5.0,2282,0.5886379192334018,4.37,-0.21163594446272996,0.6527278767211229
2025-01-17,220.0,3.77,3.7,3.85,34.0,54257,0.5886379192334018,3.77,-0.1476880076475794,0.6460368589619233
2025-01-17,225.0,3.1,3.05,3.2,2.0,1444,0.5886379192334018,3.1,-0.19567288996881882,0.6440081252053269
2025-01-17,230.0,2.55,2.54,2.7,12.0,1667,0.5886379192334018,2.55,-0.19530875232076586,0.6336164128886782
2025-01-17,235.0,2.19,2.11,2.25,2.0,2981,0.5886379192334018,2.19,-0.15219181534192525,0.5799470357030823
2025-01-17,240.0,1.8,1.75,1.87,5.0,989,0.5886379192334018,1.8,-0.19611487892629037,0.5746908517419684
2025-01-17,245.0,1.63,1.47,1.59,2.0,1189,0.5886379192334018,1.63,-0.09920665008344816,0.55289134763755
2025-01-17,250.0,1.27,1.22,1.32,3.0,1040,0.5886379192334018,1.27,-0.249563114348171,0.6157053729839637
2025-01-17,255.0,1.11,1.04,1.15,2.0,505,0.5886379192334018,1.11,-0.134656885146257,0.57828530837626
2025-01-17,260.0,0.83,0.89,0.99,4.0,722,0.5886379192334018,0.83,-0.2906895935157363,0.7109244371704183
2025-01-17,265.0,0.83,0.76,0.85,50.0,2176,0.5886379192334018,0.83,0.0,0.9053385402637483
2025-01-17,270.0,0.76,0.57,0.77,10.0,250,0.5886379192334018,0.76,-0.08810726751026678,0.9393869941040366
2025-01-17,280.0,0.62,0.43,0.61,4.0,78,0.5886379192334018,0.62,-0.20359895524123955,0.9407996481947838
2025-01-17,290.0,0.42,0.32,0.51,3.0,60,0.5886379192334018,0.42,-0.3894647667617233,1.2104871834977742
2025-01-17,300.0,0.33,0.25,0.43,11.0,3837,0.5886379192334018,0.33,-0.24116205681688796,1.2249931408452386
2025-01-17,310.0,0.27,0.2,0.37,10.0,20,0.5886379192334018,0.27,-0.2006706954621511,1.2254329254233456
2025-01-17,320.0,0.35,0.16,0.33,1.0,8,0.5886379192334018,0.35,0.25951119548508444,1.9693387468416532
2025-01-17,330.0,0.21,0.12,0.22,5.0,114,0.5886379192334018,0.21,-0.5108256237659907,2.305733945477364
2025-01-17,340.0,0.18,0.13,0.26,209.0,257,0.5886379192334018,0.18,-0.15415067982725836,2.307231713423571
2025-03-21,70.0,108.42,107.4,111.15,1.0,1,0.7611225188227242,108.42,6.400811001924119,22.909268823365878
2025-03-21,75.0,103.75,102.6,106.4,20.0,26,0.7611225188227242,103.75,-0.044028414721384405,22.89100095783821
2025-03-21,80.0,93.73,98.2,100.35,2.0,16,0.7611225188227242,93.73,-0.10156585035241321,22.87282001510354
2025-03-21,85.0,69.16,75.6,79.2,2.0,1,0.7611225188227242,69.16,-0.30399564794330486,22.90449385713416
2025-03-21,90.0,90.1,88.4,91.95,1.0,1,0.7611225188227242,90.1,0.2644975037992025,22.875342297169137
2025-03-21,100.0,81.45,79.05,82.8,3.0,16,0.7611225188227242,81.45,-0.10093082956623797,22.85917877697028
2025-03-21,105.0,56.9,74.2,77.8,6.0,66,0.7611225188227242,56.9,-0.3586939939157689,22.906420906746213
2025-03-21,110.0,69.05,69.7,73.35,2.0,19,0.7611225188227242,69.05,0.19353553872301585,22.870882469802343
2025-03-21,115.0,67.22,65.1,68.7,10.0,45,0.7611225188227242,67.22,-0.026860057558341494,22.861377578898686
2025-03-21,120.0,60.91,61.75,63.1,1.0,108,0.7611225188227242,60.91,-0.09857345744856645,22.83183477860519
2025-03-21,125.0,57.5,57.4,59.1,10.0,77,0.7611225188227242,57.5,-0.05761241704508846,22.81982998966706
2025-03-21,130.0,53.2,52.8,54.85,1.0,38,0.7611225188227242,53.2,-0.07772655145570599,22.77542663414051
2025-03-21,135.0,46.2,48.6,50.3,4.0,65,0.7611225188227242,46.2,-0.14107859825990549,22.796123057707838
2025-03-21,140.0,45.2,44.3,46.55,6.0,189,0.7611225188227242,45.2,-0.02188271124950771,22.787044648180807
2025-03-21,145.0,40.82,40.35,42.3,1.0,53,0.7611225188227242,40.82,-0.10192492945648682,22.767374147864004
2025-03-21,150.0,37.41,36.45,38.55,5.0,271,0.7611225188227242,37.41,-0.08723410902164401,22.69283138883304
2025-03-21,155.0,33.19,32.9,34.65,4.0,1946,0.7611225188227242,33.19,-0.11968942262817149,22.66603245508267
2025-03-21,160.0,29.05,30.0,31.65,4.0,760,0.7611225188227242,29.05,-0.1332301424339629,22.651477013035116
2025-03-21,165.0,27.25,26.4,28.0,8.0,466,0.7611225188227242,27.25,-0.06396496218866721,22.6725742658205
2025-03-21,170.0,23.8,23.45,24.4,117.0,421,0.7611225188227242,23.8,-0.135367940431824,22.559742149773825
2025-03-21,175.0,21.08,21.25,22.55,285.0,814,0.7611225188227242,21.08,-0.1213608570042676,22.553078826011003
2025-03-21,180.0,18.65,18.65,19.5,14.0,1315,0.7611225188227242,18.65,-0.12247857758333698,2.0873582018234536
2025-03-21,185.0,15.67,16.0,16.7,4.0,711,0.7611225188227242,15.67,-0.174098089721895,2.104676452305975
2025-03-21,190.0,14.25,13.9,14.6,3.0,1480,0.7611225188227242,14.25,-0.09499114965326987,2.1043448608575717
2025-03-21,195.0,12.15,12.05,12.85,1.0,251,0.7611225188227242,12.15,-0.15942773692810208,1.9744255517054308
2025-03-21,200.0,10.58,10.6,11.25,5.0,813,0.7611225188227242,10.58,-0.13836374335640414,1.5231481905524147
2025-03-21,205.0,8.13,9.1,9.55,3.0,150,0.7611225188227242,8.13,-0.26340450287043393,1.6224623341104676
2025-03-21,210.0,7.8,7.8,8.4,2.0,217,0.7611225188227242,7.8,-0.041437189864173295,1.3600768060006876
2025-03-21,215.0,6.4,6.65,7.1,21.0,284,0.7611225188227242,6.4,-0.19782574332991978,0.9196868730823892
2025-03-21,220.0,5.8,5.65,6.0,21.0,430,0.7611225188227242,5.8,-0.09844007281325265,0.8668635618252214
2025-03-21,225.0,5.26,4.8,5.35,71.0,275,0.7611225188227242,5.26,-0.09772689080275512,0.8670911951614371
2025-03-21,230.0,4.39,4.1,4.5,5.0,99,0.7611225188227242,4.39,-0.18080179966253854,0.8664506325952255
2025-03-21,240.0,3.08,2.83,3.55,16.0,80,0.7611225188227242,3.08,-0.35439963010159675,1.1649719272702133
2025-03-21,250.0,2.26,2.2,2.61,2.0,25,0.7611225188227242,2.26,-0.30956478370128865,1.3117785431768756
2025-03-21,260.0,1.63,1.64,2.02,1.0,224,0.7611225188227242,1.63,-0.32678479846552355,1.3785464577884696
2025-03-21,270.0,1.23,1.25,1.38,2.0,272,0.7611225188227242,1.23,-0.2815658454343447,1.4257691952588853
2025-03-21,280.0,1.07,0.91,1.23,3.0,25,0.7611225188227242,1.07,-0.13935552091051123,1.4003396268220725
2025-03-21,290.0,0.39,0.56,1.04,2.0,76,0.7611225188227242,0.39,-1.0092671883322597,3.2165331665341172
2025-03-21,300.0,0.6,0.42,0.87,1.0,4,0.7611225188227242,0.6,0.43078291609245417,3.908640342694654
2025-06-20,25.0,152.48,150.5,155.0,3.0,36,1.0102669404517457,152.48,5.537859063671883,20.221128242737876
2025-06-20,30.0,124.23,134.0,138.5,1.0,2,1.0102669404517457,124.23,-0.20489875368030627,20.231977341262823
2025-06-20,35.0,72.77,70.0,75.0,1.0,11,1.0102669404517457,72.77,-0.5348309038665905,20.333932121967884
2025-06-20,40.0,131.51,136.0,140.5,1.0,9,1.0102669404517457,131.51,0.5917791119948784,20.404026461045092
2025-06-20,45.0,100.06,92.65,97.45,5.0,29,1.0102669404517457,100.06,-0.27331288829381445,20.423277137147103
2025-06-20,50.0,122.9,126.5,131.0,2.0,108,1.0102669404517457,122.9,0.20560101051193014,20.41583211225008
2025-06-20,55.0,98.03,100.0,105.0,1.0,91,1.0102669404517457,98.03,-0.22609746229835437,20.427916364298024
2025-06-20,60.0,83.17,92.1,96.95,1.0,47,1.0102669404517457,83.17,-0.1643868483930387,20.431931667183324
2025-06-20,65.0,96.1,112.2,116.95,2.0,34,1.0102669404517457,96.1,0.14450261009565055,20.389791568499827
2025-06-20,70.0,109.3,108.0,112.45,2.0,135,1.0102669404517457,109.3,0.1287070792062461,20.38158602584567
2025-06-20,75.0,106.0,103.8,107.4,4.0,101,1.0102669404517457,106.0,-0.03065730107042566,20.356361135208587
2025-06-20,80.0,100.05,98.55,102.9,1.0,157,1.0102669404517457,100.05,-0.057769033082324804,20.35100471271716
2025-06-20,85.0,85.6,93.0,98.0,10.0,167,1.0102669404517457,85.6,-0.15598477788204598,20.360419503107284
2025-06-20,90.0,91.04,89.2,93.35,6.0,1423,1.0102669404517457,91.04,0.06161368723032446,20.33066387109226
2025-06-20,95.0,87.75,84.8,88.5,7.0,1742,1.0102669404517457,87.75,-0.036807108032045684,20.262141513571972
2025-06-20,100.0,80.64,80.65,84.45,3.0,849,1.0102669404517457,80.64,-0.08449705802291671,20.21142819799269
2025-06-20,105.0,76.88,75.6,79.95,1.0,355,1.0102669404517457,76.88,-0.047749039661021495,20.147986716159462
2025-06-20,110.0,71.62,71.05,75.3,1.0,623,1.0102669404517457,71.62,-0.07087140009175026,20.09986978769195
2025-06-20,115.0,68.4,67.95,69.95,2.0,591,1.0102669404517457,68.4,-0.0460015399417819,20.082982829536228
2025-06-20,120.0,64.35,62.75,66.25,1.0,761,1.0102669404517457,64.35,-0.06103589058636925,19.62824670386487
2025-06-20,125.0,63.0,58.2,61.7,2.0,1062,1.0102669404517457,63.0,-0.021202207650602937,19.636249660619505
2025-06-20,130.0,55.8,54.5,57.5,2.0,1173,1.0102669404517457,55.8,-0.12136085700426748,3.426635881963938
2025-06-20,135.0,51.53,50.5,54.5,2.0,890,1.0102669404517457,51.53,-0.07960970704713229,3.381481284047642
2025-06-20,140.0,48.0,47.7,49.1,10.0,2596,1.0102669404517457,48.0,-0.07096315143224197,2.8730532051646405
2025-06-20,145.0,44.25,43.85,44.95,11.0,1746,1.0102669404517457,44.25,-0.0813456394539524,1.8213438931026436
2025-06-20,150.0,40.77,39.65,41.1,7.0,917,1.0102669404517457,40.77,-0.08190885462277647,1.639758002350774
2025-06-20,155.0,36.7,36.6,38.9,2.0,1448,1.0102669404517457,36.7,-0.10516976177063743,1.3794124273595028
2025-06-20,160.0,34.0,32.4,34.25,4.0,7149,1.0102669404517457,34.0,-0.0764162304443633,1.2393081844332605
2025-06-20,165.0,30.4,30.3,31.25,4.0,3231,1.0102669404517457,30.4,-0.11191791620398545,1.190897806183527
2025-06-20,170.0,27.8,27.9,29.05,184.0,18413,1.0102669404517457,27.8,-0.08940658771558462,0.9698080030061885
2025-06-20,175.0,25.06,24.8,25.85,39.0,1367,1.0102669404517457,25.06,-0.10376307122866922,0.6993024451533286
2025-06-20,180.0,22.62,22.05,23.3,10.0,1099,1.0102669404517457,22.62,-0.1024384787799477,0.692419461402494
2025-06-20,185.0,20.5,19.5,21.05,5.0,642,1.0102669404517457,20.5,-0.09840958454361194,0.6950539189888546
2025-06-20,190.0,17.88,17.65,18.4,12.0,7779,1.0102669404517457,17.88,-0.13674211639899442,0.669708253411099
2025-06-20,195.0,15.75,14.8,16.7,2.0,762,1.0102669404517457,15.75,-0.1268424044737259,0.4774317841861335
2025-06-20,200.0,14.07,14.0,15.35,55.0,6113,1.0102669404517457,14.07,-0.1127954941453444,0.4557762103527867
2025-06-20,205.0,12.55,10.35,13.0,77.0,1250,1.0102669404517457,12.55,-0.11432420554850478,0.46519153083979353
2025-06-20,210.0,11.3,10.85,11.35,10.0,6345,1.0102669404517457,11.3,-0.10491793985949803,0.4436132553910791
2025-06-20,215.0,9.5,7.65,10.2,2.0,3318,1.0102669404517457,9.5,-0.17351092711179977,0.5199564121433253
2025-06-20,220.0,9.2,8.35,9.55,4.0,6201,1.0102669404517457,9.2,-0.03208831455150063,0.5387725778826482
2025-06-20,225.0,7.6,7.3,8.7,4.0,3039,1.0102669404517457,7.6,-0.19105523676270922,0.6165311006462285
2025-06-20,230.0,6.8,6.4,6.65,1.0,508,1.0102669404517457,6.8,-0.11122563511022437,0.5428553208414617
2025-06-20,235.0,5.64,5.6,6.0,1.0,658,1.0102669404517457,5.64,-0.18703854667209355,0.6098043146005788
2025-06-20,240.0,4.85,4.9,5.3,5.0,1354,1.0102669404517457,4.85,-0.1509053605605757,0.6162846943361313
2025-06-20,245.0,4.65,4.25,4.7,1.0,188,1.0102669404517457,4.65,-0.04211148535012673,0.6480890707212639
2025-06-20,250.0,3.7,3.75,4.15,1.0,3573,1.0102669404517457,3.7,-0.22853439994908623,0.7545941360978728
2025-06-20,255.0,3.7,2.4,3.8,57.0,599,1.0102669404517457,3.7,0.0,0.8513302038655611
2025-06-20,260.0,3.15,1.77,4.25,7.0,1065,1.0102669404517457,3.15,-0.16093036681263712,0.8656156581210579
2025-06-20,265.0,2.8,2.55,3.4,6.0,2921,1.0102669404517457,2.8,-0.11778303565638351,0.8529943915092522
2025-06-20,270.0,2.4,1.81,2.63,1.0,148,1.0102669404517457,2.4,-0.15415067982725822,0.8611503750734432
2025-06-20,280.0,1.85,1.58,2.1,10.0,701,1.0102669404517457,1.85,-0.2602830982636664,0.9779247397372594
2025-06-20,290.0,2.4,0.98,2.61,1.0,29,1.0102669404517457,2.4,0.26028309826366636,1.666909210283516
2025-06-20,300.0,1.3,0.53,2.43,2.0,584,1.0102669404517457,1.3,-0.6131044728864088,2.4059707058403625
2025-06-20,310.0,1.1,0.56,2.36,61.0,63,1.0102669404517457,1.1,-0.1670540846631662,2.4041995875184474
2025-06-20,320.0,1.01,0.0,3.05,1.0,1,1.0102669404517457,1.01,-0.08535984895115686,2.411463852726144
2025-06-20,340.0,0.75,0.01,1.0,6.0,126,1.0102669404517457,0.75,-0.297632403304949,2.4742960455806946
2025-09-19,25.0,148.25,150.5,155.0,14.0,10,1.2594113620807663,148.25,5.286582110329616,18.98263082167953
2025-09-19,75.0,104.85,104.05,108.4,10.0,10,1.2594113620807663,104.85,-0.34636928052990584,19.034459431818103
2025-09-19,80.0,66.0,75.0,80.0,1.0,1,1.2594113620807663,66.0,-0.46287601532150335,19.123454785305444
2025-09-19,85.0,92.11,94.65,98.8,2.0,3,1.2594113620807663,92.11,0.3333287729737186,19.11804435926754
2025-09-19,90.0,86.88,88.55,93.45,2.0,23,1.2594113620807663,86.88,-0.058455658814518946,19.120699841944603
2025-09-19,95.0,79.99,83.6,88.45,2.0,251,1.2594113620807663,79.99,-0.08262622932489477,19.103090149548986
2025-09-19,100.0,77.61,81.9,84.2,2.0,24,1.2594113620807663,77.61,-0.030205341994682965,19.093215861252816
2025-09-19,105.0,75.01,77.0,81.4,2.0,13,1.2594113620807663,75.01,-0.03407484688450241,19.06997046496713
2025-09-19,110.0,56.85,73.65,75.35,2.0,2,1.2594113620807663,56.85,-0.2772052177849999,19.09784504642289
2025-09-19,115.0,66.89,69.25,71.8,1.0,17,1.2594113620807663,66.89,0.1626332589337715,19.08949170653373
2025-09-19,120.0,62.8,65.0,68.35,1.0,16,1.2594113620807663,62.8,-0.06309440565616377,19.059250943031618
2025-09-19,125.0,58.0,60.9,63.35,3.0,14,1.2594113620807663,58.0,-0.07951206292773363,19.068326887261616
2025-09-19,130.0,56.77,56.95,58.95,1.0,22,1.2594113620807663,56.77,-0.02143499336378437,19.047524615409685
2025-09-19,135.0,47.1,48.5,52.3,1.0,9,1.2594113620807663,47.1,-0.18673501616026283,19.060670591896606
2025-09-19,140.0,50.2,50.05,52.35,2.0,33,1.2594113620807663,50.2,0.06374202567531144,19.034033257721003
2025-09-19,145.0,46.2,46.45,48.35,2.0,73,1.2594113620807663,46.2,-0.0830352286099904,18.996371095000217
2025-09-19,150.0,42.93,43.0,45.35,2.0,145,1.2594113620807663,42.93,-0.07340891585122399,19.007842883881494
2025-09-19,155.0,40.35,39.55,41.2,5.0,89,1.2594113620807663,40.35,-0.06197948752051144,18.828715992055244
2025-09-19,160.0,36.34,36.5,38.05,1.0,227,1.2594113620807663,36.34,-0.10467233174793263,18.816149359723735
2025-09-19,165.0,35.18,32.65,35.35,1.0,178,1.2594113620807663,35.18,-0.032441323658613165,18.808113777029256
2025-09-19,170.0,30.86,30.25,32.15,3.0,156,1.2594113620807663,30.86,-0.13101689237439734,18.764826475535212
2025-09-19,175.0,28.1,28.0,29.3,1.0,178,1.2594113620807663,28.1,-0.09369127059531467,2.591491870270632
2025-09-19,180.0,25.66,25.05,26.3,6.0,219,1.2594113620807663,25.66,-0.09083621715220974,2.403945884141996
2025-09-19,185.0,23.98,23.1,24.1,3.0,61,1.2594113620807663,23.98,-0.06771320958812219,1.9263719253902494
2025-09-19,190.0,22.47,20.5,22.9,5.0,127,1.2594113620807663,22.47,-0.06503906340213049,1.3360547493520494
2025-09-19,195.0,19.5,18.7,20.55,1.0,43,1.2594113620807663,19.5,-0.1417666206275366,1.3601516273018108
2025-09-19,200.0,16.55,16.6,17.85,14.0,1161,1.2594113620807663,16.55,-0.16402836374662924,1.3975239862619757
2025-09-19,205.0,14.56,15.0,17.45,1.0,16,1.2594113620807663,14.56,-0.12810805905453204,1.3991129185129467
2025-09-19,210.0,14.55,14.0,15.4,1.0,196,1.2594113620807663,14.55,-0.0006870491510383883,1.4174873402397263
2025-09-19,215.0,12.4,11.85,13.6,2.0,101,1.2594113620807663,12.4,-0.1598945210065104,1.259286080685683
2025-09-19,220.0,12.0,11.3,12.8,1.0,28,1.2594113620807663,12.0,-0.032789822822990956,0.9413183976648907
2025-09-19,225.0,10.8,9.7,12.45,3.0,140,1.2594113620807663,10.8,-0.10536051565782628,0.9421128308844023
2025-09-19,230.0,8.63,8.8,10.6,1.0,140,1.2594113620807663,8.63,-0.22430162903483747,1.0599026476372273
2025-09-19,235.0,8.45,7.85,9.15,15.0,19,1.2594113620807663,8.45,-0.021078063726254245,1.060197329585766
2025-09-19,240.0,9.14,6.9,8.8,3.0,102,1.2594113620807663,9.14,0.07849394409697638,1.151670227699179
2025-09-19,245.0,7.45,6.05,7.55,4.0,5,1.2594113620807663,7.45,-0.20444635307459047,1.1094970009633818
2025-09-19,250.0,7.0,5.3,7.0,1.0,13,1.2594113620807663,7.0,-0.062303883336154865,1.1136527781886008
2025-09-19,255.0,6.15,4.45,6.25,1.0,8,1.2594113620807663,6.15,-0.1294580672368867,1.1201266907482936
2025-09-19,260.0,4.1,3.85,5.3,3.0,12,1.2594113620807663,4.1,-0.4054651081081646,1.551140419949825
2025-09-19,265.0,6.0,2.41,4.95,1.0,3,1.2594113620807663,6.0,0.380772495517793,2.2990133826326535
2025-09-19,270.0,4.3,2.6,4.9,1.0,56,1.2594113620807663,4.3,-0.33314444652853825,2.442626659569646
2025-09-19,275.0,3.5,2.03,4.0,2.0,58,1.2594113620807663,3.5,-0.20585205420414873,2.4681884904103377
2025-09-19,280.0,3.15,2.19,3.5,1.0,42,1.2594113620807663,3.15,-0.10536051565782628,2.467926112263608
2025-09-19,285.0,2.96,2.09,5.1,4.0,438,1.2594113620807663,2.96,-0.0622131845015727,2.4718688626393623
2025-09-19,300.0,2.1,1.99,2.77,2.0,135,1.2594113620807663,2.1,-0.34325192360659157,2.6033161020737627
2025-09-19,340.0,1.15,0.72,2.93,3.0,14,1.2594113620807663,1.15,-0.6021754023542187,3.090324173552674
2025-12-19,45.0,126.75,129.5,134.5,14.0,106,1.5085557837097878,126.75,4.702454700096133,17.06225839224491
2025-12-19,50.0,129.0,128.4,131.95,14.0,984,1.5085557837097878,129.0,0.01759576189037966,17.039888673173333
2025-12-19,55.0,103.5,84.2,89.0,2.0,220,1.5085557837097878,103.5,-0.22024079165624838,17.05825685229046
2025-12-19,60.0,101.5,118.2,122.4,1.0,131,1.5085557837097878,101.5,-0.019512814223581715,17.05968971337865
2025-12-19,65.0,115.43,114.0,118.35,1.0,632,1.5085557837097878,115.43,0.12860548714497885,17.035165177381952
2025-12-19,70.0,108.7,109.75,113.95,1.0,289,1.5085557837097878,108.7,-0.0600724914996571,17.038232555672806
2025-12-19,75.0,85.18,95.55,100.4,3.0,109,1.5085557837097878,85.18,-0.24382512963209624,17.066494432873622
2025-12-19,80.0,92.68,101.7,106.0,1.0,217,1.5085557837097878,92.68,0.08438603506910806,17.02641632628755
2025-12-19,85.0,97.12,96.0,100.35,1.0,131,1.5085557837097878,97.12,0.046794627747012554,17.02130233997961
2025-12-19,90.0,92.7,91.65,95.9,1.0,563,1.5085557837097878,92.7,-0.04657885473937863,17.030312161822124
2025-12-19,95.0,87.38,87.2,91.45,1.0,531,1.5085557837097878,87.38,-0.05910204904851979,17.003886223306747
2025-12-19,100.0,85.02,83.15,86.9,5.0,723,1.5085557837097878,85.02,-0.027379900592645768,16.999669662264964
2025-12-19,105.0,79.65,79.25,81.1,1.0,294,1.5085557837097878,79.65,-0.06524448657458645,16.989301184468815
2025-12-19,110.0,77.0,75.75,77.2,3.0,434,1.5085557837097878,77.0,-0.0338366145023737,16.89243256684106
2025-12-19,115.0,72.75,70.85,73.65,4.0,184,1.5085557837097878,72.75,-0.056776515802082005,16.88173814505529
2025-12-19,120.0,66.3,66.9,68.45,1.0,939,1.5085557837097878,66.3,-0.09283900885978509,16.82109001303415
2025-12-19,125.0,63.35,63.05,65.45,3.0,725,1.5085557837097878,63.35,-0.045514990424668715,16.789862538797443
2025-12-19,130.0,59.4,58.65,61.05,153.0,391,1.5085557837097878,59.4,-0.06438068039854883,16.782980143461536
2025-12-19,135.0,56.55,55.05,57.3,7.0,444,1.5085557837097878,56.55,-0.049169023806469814,16.781062030703612
2025-12-19,140.0,52.63,51.35,54.65,3.0,467,1.5085557837097878,52.63,-0.07183890319644179,16.708666414224375
2025-12-19,145.0,49.67,47.85,50.7,2.0,251,1.5085557837097878,49.67,-0.05788517024642845,16.50366719014153
2025-12-19,150.0,45.85,45.5,46.65,1.0,610,1.5085557837097878,45.85,-0.08002593041678532,1.3094103954009964
2025-12-19,155.0,43.2,41.3,45.5,3.0,394,1.5085557837097878,43.2,-0.059534703452409146,1.2874893696181293
2025-12-19,160.0,39.0,39.2,40.8,2.0,1353,1.5085557837097878,39.0,-0.1022788491204183,1.1509860037110993
2025-12-19,165.0,38.12,35.85,37.7,1.0,4963,1.5085557837097878,38.12,-0.022822567343645187,1.1500657778372616
2025-12-19,170.0,33.7,33.6,36.7,34.0,6362,1.5085557837097878,33.7,-0.1232412414276852,0.9857012092491506
2025-12-19,175.0,30.95,30.85,32.5,11.0,428,1.5085557837097878,30.95,-0.08512483822771104,0.9899752006326861
2025-12-19,180.0,28.95,28.6,31.6,4.0,2347,1.5085557837097878,28.95,-0.06680279511160087,0.7316101975225532
2025-12-19,185.0,26.4,26.15,28.1,1.0,333,1.5085557837097878,26.4,-0.09220619386673375,0.5524940548680928
2025-12-19,190.0,24.85,23.9,26.05,2.0,562,1.5085557837097878,24.85,-0.06050625760963263,0.3939326200425025
2025-12-19,195.0,23.69,21.95,23.95,1.0,225,1.5085557837097878,23.69,-0.04780473437194366,0.39323616791280197
2025-12-19,200.0,19.25,19.85,21.8,21.0,1463,1.5085557837097878,19.25,-0.20754195743690093,0.6301643567462657
2025-12-19,205.0,18.9,18.5,20.1,3.0,230,1.5085557837097878,18.9,-0.018349138668196655,0.6389431792540519
2025-12-19,210.0,16.5,16.6,18.05,1.0,433,1.5085557837097878,16.5,-0.13580154115906162,0.6757788610319246
2025-12-19,215.0,15.8,15.1,18.45,40.0,293,1.5085557837097878,15.8,-0.04335044087361374,0.6692552337847256
2025-12-19,220.0,13.6,13.75,17.0,1.0,2779,1.5085557837097878,13.6,-0.14994014729091487,0.7129439736418749
2025-12-19,225.0,14.08,12.45,14.7,1.0,1352,1.5085557837097878,14.08,0.03468555798789011,0.8134582116742213
2025-12-19,230.0,12.7,11.25,12.65,1.0,234,1.5085557837097878,12.7,-0.10315335726535077,0.8127251139208054
2025-12-19,235.0,11.09,10.25,11.55,1.0,314,1.5085557837097878,11.09,-0.13555819210226983,0.8363790616052833
2025-12-19,240.0,9.95,9.55,11.4,10.0,465,1.5085557837097878,9.95,-0.10847125019177432,0.834134989327211
2025-12-19,245.0,9.32,8.6,9.9,1.0,90,1.5085557837097878,9.32,-0.06540992247300148,0.8354898860302752
2025-12-19,250.0,8.55,7.5,9.2,6.0,404,1.5085557837097878,8.55,-0.08623134574883091,0.8307522372481706
2025-12-19,255.0,7.4,7.2,7.95,4.0,130,1.5085557837097878,7.4,-0.14445128273854482,0.8566533972787465
2025-12-19,260.0,7.37,6.25,7.8,1.0,527,1.5085557837097878,7.37,-0.004062294008878904,0.8994267575644008
2025-12-19,265.0,6.1,5.65,7.2,4.0,3265,1.5085557837097878,6.1,-0.1891289350219798,0.9690347218113733
2025-12-19,270.0,6.35,4.95,6.6,1.0,14,1.5085557837097878,6.35,0.04016604172533465,1.0443398791991838
2025-12-19,280.0,5.0,4.4,5.55,3.0,57,1.5085557837097878,5.0,-0.23901690047049984,1.1670700139220826
2025-12-19,290.0,4.37,2.78,4.65,1.0,91,1.5085557837097878,4.37,-0.1346749033266016,1.1765855909234482
2025-12-19,300.0,3.55,2.73,3.95,2.0,3916,1.5085557837097878,3.55,-0.20781540562017442,1.2365662194486404
2025-12-19,320.0,1.95,1.62,2.64,22.0,11,1.5085557837097878,1.95,-0.5991182309116689,2.1245922269287516
2025-12-19,330.0,2.4,1.23,2.4,2.0,0,1.5085557837097878,2.4,0.20763936477824455,2.4096172261590465
2025-12-19,340.0,1.89,1.12,2.31,1.0,24,1.5085557837097878,1.89,-0.23889190828234896,2.4369348706098357
2026-01-16,45.0,130.94,132.0,136.5,1.0,431,1.5852156057494866,130.94,4.238162373941394,15.2757270245641
2026-01-16,50.0,125.0,126.2,130.3,1.0,39,1.5852156057494866,125.0,-0.04642546571064422,15.27857560133221
2026-01-16,55.0,119.84,121.6,125.95,20.0,31,1.5852156057494866,119.84,-0.04215621753339176,15.264577968876395
2026-01-16,60.0,119.71,118.55,122.9,2.0,48,1.5852156057494866,119.71,-0.0010853685056308904,15.260473165882308
2026-01-16,65.0,99.5,109.15,113.5,1.0,27,1.5852156057494866,99.5,-0.18491450709873133,15.268066686738338
2026-01-16,70.0,102.0,107.5,112.0,1.0,61,1.5852156057494866,102.0,0.024815169119723993,15.268594352596805
2026-01-16,75.0,106.49,105.1,109.95,5.0,51,1.5852156057494866,106.49,0.04307827074302125,15.253162600707414
2026-01-16,80.0,101.25,100.55,105.45,2.0,112,1.5852156057494866,101.25,-0.050458378040643785,15.239357399124408
2026-01-16,85.0,98.0,96.1,100.45,2.0,76,1.5852156057494866,98.0,-0.03262522731607661,15.228211894251992
2026-01-16,90.0,92.0,91.8,95.95,1.0,87,1.5852156057494866,92.0,-0.06317890162153156,15.227892037181256
2026-01-16,95.0,87.99,87.8,91.2,2.0,262,1.5852156057494866,87.99,-0.044565405391570986,15.22184311660349
2026-01-16,100.0,84.66,83.5,86.95,1.0,496,1.5852156057494866,84.66,-0.0385799365646917,15.203862746444571
2026-01-16,105.0,80.56,79.65,81.65,1.0,52,1.5852156057494866,80.56,-0.049640986682470765,15.20921880171343
2026-01-16,110.0,77.95,75.45,77.25,1.0,107,1.5852156057494866,77.95,-0.032934652906521374,15.179604888773666
2026-01-16,115.0,74.33,70.65,74.2,1.0,74,1.5852156057494866,74.33,-0.047552956766583526,15.188552880081364
2026-01-16,120.0,68.91,67.35,70.25,5.0,663,1.5852156057494866,68.91,-0.0757133333680856,15.150790643525902
2026-01-16,125.0,65.25,63.0,65.45,9.0,374,1.5852156057494866,65.25,-0.05457525916631369,15.13603148822515
2026-01-16,130.0,60.0,60.0,61.55,2.0,711,1.5852156057494866,60.0,-0.08388148398070212,15.107371318458277
2026-01-16,135.0,56.65,55.75,58.85,7.0,3414,1.5852156057494866,56.65,-0.05745257474808543,14.89086079312825
2026-01-16,140.0,52.83,52.5,54.85,2.0,4127,1.5852156057494866,52.83,-0.06981277629779083,14.910782144306946
2026-01-16,145.0,48.25,48.7,51.8,5.0,6930,1.5852156057494866,48.25,-0.09068338339122944,14.871211891668786
2026-01-16,150.0,46.85,46.55,47.55,2.0,11034,1.5852156057494866,46.85,-0.029444819100563752,0.7116590177637612
2026-01-16,155.0,44.65,43.3,45.4,10.0,2105,1.5852156057494866,44.65,-0.04809670136192316,0.7116080924885355
2026-01-16,160.0,40.5,39.45,42.25,6.0,515,1.5852156057494866,40.5,-0.09755233321001462,0.7304974292861093
2026-01-16,165.0,37.44,37.05,39.25,5.0,605,1.5852156057494866,37.44,-0.0785623225031022,0.7119804530395087
2026-01-16,170.0,34.97,33.8,36.45,5.0,4362,1.5852156057494866,34.97,-0.06824910053410681,0.5378921675857998
2026-01-16,175.0,32.79,31.8,33.05,4.0,2057,1.5852156057494866,32.79,-0.06436696021872759,0.4659337659657723
2026-01-16,180.0,30.1,29.6,31.45,16.0,625,1.5852156057494866,30.1,-0.08559841910172675,0.31759144311381887
2026-01-16,185.0,27.35,26.25,29.2,1.0,5353,1.5852156057494866,27.35,-0.09580864288683982,0.3383013178256062
2026-01-16,190.0,25.61,24.4,26.85,42.0,1202,1.5852156057494866,25.61,-0.06573362865655645,0.3206560166300509
2026-01-16,195.0,23.4,22.2,25.1,2.0,1072,1.5852156057494866,23.4,-0.09024687784777817,0.333343317354225
2026-01-16,200.0,21.55,21.2,22.95,55.0,1727,1.5852156057494866,21.55,-0.08236020581389888,0.3295646097341687
2026-01-16,205.0,20.8,18.9,21.3,2.0,388,1.5852156057494866,20.8,-0.03542282984248454,0.33315602340590167
2026-01-16,210.0,18.0,16.8,19.05,6.0,312,1.5852156057494866,18.0,-0.1445812288111077,0.42190338729151655
2026-01-16,215.0,15.88,16.4,18.2,4.0,1109,1.5852156057494866,15.88,-0.125311302077175,0.43697363396962874
2026-01-16,220.0,14.9,14.8,16.45,2.0,2127,1.5852156057494866,14.9,-0.06369924286757625,0.4273130135335363
2026-01-16,225.0,14.02,13.7,15.45,3.0,546,1.5852156057494866,14.02,-0.060876331344969475,0.43074796999437975
2026-01-16,230.0,12.81,11.4,14.25,18.0,1131,1.5852156057494866,12.81,-0.09025876569780104,0.42628118402316156
2026-01-16,235.0,11.62,11.3,13.15,2.0,129,1.5852156057494866,11.62,-0.09749836448487782,0.4314189250368504
2026-01-16,240.0,10.0,10.4,11.6,1.0,3580,1.5852156057494866,10.0,-0.15014265842971947,0.4907371440760529
2026-01-16,245.0,9.85,9.4,10.8,20.0,268,1.5852156057494866,9.85,-0.015113637810048184,0.5425253887849601
2026-01-16,250.0,8.74,8.6,10.0,1.0,959,1.5852156057494866,8.74,-0.11956126551655338,0.5586851661305406
2026-01-16,255.0,9.3,7.85,9.95,1.0,362,1.5852156057494866,9.3,0.062104210491766176,0.7297025497241306
2026-01-16,260.0,8.25,7.15,8.95,70.0,48506,1.5852156057494866,8.25,-0.11980119981262077,0.736167626412995
2026-01-16,265.0,7.0,6.5,9.0,10.0,1713,1.5852156057494866,7.0,-0.1643030512912763,0.7900908882840794
2026-01-16,270.0,5.51,6.05,6.9,2.0,89,1.5852156057494866,5.51,-0.23934552589049019,0.9560791264136781
2026-01-16,280.0,5.39,4.95,6.3,1.0,214,1.5852156057494866,5.39,-0.022019238243917334,0.9831202443837684
2026-01-16,290.0,4.6,4.2,5.55,1.0,371,1.5852156057494866,4.6,-0.15848908142585647,1.0071245178132244
2026-01-16,300.0,3.8,3.6,4.15,15.0,4290,1.5852156057494866,3.8,-0.19105523676270922,1.0614533175675298
2026-01-16,310.0,3.0,2.08,4.45,2.0,14,1.5852156057494866,3.0,-0.2363887780642304,1.1636705812759967
2026-01-16,320.0,2.98,2.07,5.0,1.0,15,1.5852156057494866,2.98,-0.006688988150796652,1.20613080695434
2026-01-16,330.0,2.5,1.42,2.87,3.0,11,1.5852156057494866,2.5,-0.17563256864315802,1.231268624038508
2026-01-16,340.0,2.19,1.58,2.43,10.0,121,1.5852156057494866,2.19,-0.13238918804574562,1.2311079264408882
2026-06-18,50.0,129.6,128.55,132.95,14.0,15,2.004106776180698,129.6,4.080551240089765,14.574967366097322
2026-06-18,55.0,102.0,104.5,109.0,1.0,0,2.004106776180698,102.0,-0.23947997063390317,14.597665641631757
2026-06-18,60.0,83.72,87.0,91.5,5.0,5,2.004106776180698,83.72,-0.19749491570647207,14.612753479426475
2026-06-18,65.0,96.2,104.65,108.8,8.0,4,2.004106776180698,96.2,0.13895146009386186,14.6046501058976
2026-06-18,70.0,85.3,92.0,96.5,1.0,1,2.004106776180698,85.3,-0.12025490317402747,14.61376406963039
2026-06-18,75.0,84.6,87.5,92.0,1.0,3,2.004106776180698,84.6,-0.008240187885455927,14.604059427780662
2026-06-18,80.0,69.6,70.5,75.0,1.0,1,2.004106776180698,69.6,-0.19516969927180366,14.623756441475221
2026-06-18,85.0,79.56,87.85,92.45,10.0,10,2.004106776180698,79.56,0.13374688664539758,14.599227424739587
2026-06-18,90.0,95.72,93.55,97.95,2.0,251,2.004106776180698,95.72,0.18491580905440108,14.596012578558142
2026-06-18,95.0,88.14,88.05,92.5,1.0,1,2.004106776180698,88.14,-0.08250080362633158,14.589286316065456
2026-06-18,100.0,87.4,85.7,88.6,10.0,53,2.004106776180698,87.4,-0.008431176752351109,14.594252241655797
2026-06-18,105.0,46.0,63.95,66.2,2.0,1,2.004106776180698,46.0,-0.6418538861723948,14.806833470383166
2026-06-18,110.0,79.7,77.55,80.8,1.0,34,2.004106776180698,79.7,0.5496281893070745,14.863730907118676
2026-06-18,115.0,74.43,73.6,76.95,1.0,24,2.004106776180698,74.43,-0.06841049942435001,14.824007404108064
2026-06-18,120.0,73.4,69.7,73.25,1.0,5,2.004106776180698,73.4,-0.013935150751349441,14.823030719024523
2026-06-18,125.0,69.93,66.55,69.9,1.0,13,2.004106776180698,69.93,-0.04842919390469445,14.801457269059318
2026-06-18,130.0,64.0,62.65,66.25,2.0,65,2.004106776180698,64.0,-0.08861165835610374,14.777729758959346
2026-06-18,135.0,56.25,58.0,62.5,1.0,74,2.004106776180698,56.25,-0.12907704227514236,14.74844357907134
2026-06-18,140.0,56.85,56.15,59.2,64.0,293,2.004106776180698,56.85,0.010610179112015469,14.746403442710944
2026-06-18,145.0,53.39,52.9,56.0,1.0,245,2.004106776180698,53.39,-0.06279275768445022,14.721091576196855
2026-06-18,150.0,54.49,49.85,52.95,1.0,1452,2.004106776180698,54.49,0.020393736082912055,14.694205316204949
2026-06-18,155.0,48.0,46.7,50.1,2.0,33,2.004106776180698,48.0,-0.1268161876871161,3.453604133709537
2026-06-18,160.0,43.55,43.9,48.0,2.0,567,2.004106776180698,43.55,-0.0972913076093792,3.3884176520258706
2026-06-18,165.0,42.26,40.9,44.45,3.0,40,2.004106776180698,42.26,-0.030068691110601186,3.339982356894096
2026-06-18,170.0,39.3,38.9,41.6,2.0,191,2.004106776180698,39.3,-0.07261649331269511,3.2830214600470615
2026-06-18,175.0,36.42,35.05,38.45,2.0,72,2.004106776180698,36.42,-0.07610644457575352,3.2734166724281564
2026-06-18,180.0,34.1,33.35,36.15,2.0,113,2.004106776180698,34.1,-0.06582069000999086,3.2723377769283237
2026-06-18,185.0,32.29,32.35,33.85,1.0,235,2.004106776180698,32.29,-0.05453979951928728,3.226018730113061
2026-06-18,190.0,30.03,29.35,32.2,64.0,180,2.004106776180698,30.03,-0.07256070277494493,3.167407829350141
2026-06-18,195.0,28.1,26.85,30.05,5.0,24,2.004106776180698,28.1,-0.06642730565553875,3.053761554844063
2026-06-18,200.0,26.5,25.2,27.85,5.0,145,2.004106776180698,26.5,-0.058624843347523596,3.052503607163351
2026-06-18,205.0,22.5,23.1,25.8,1.0,48,2.004106776180698,22.5,-0.16362942378180204,3.068545782401449
2026-06-18,210.0,23.4,21.5,24.95,1.0,43,2.004106776180698,23.4,0.03922071315328133,2.252816129308895
2026-06-18,215.0,21.48,19.8,22.35,5.0,14,2.004106776180698,21.48,-0.08561375272299172,0.7770655992494555
2026-06-18,220.0,17.1,18.35,20.8,50.0,59,2.004106776180698,17.1,-0.2280438061320497,0.9662608828027323
2026-06-18,225.0,18.25,17.0,19.45,2.0,41,2.004106776180698,18.25,0.06508661651988627,1.058447943421921
2026-06-18,230.0,16.0,15.55,18.25,1.0,2,2.004106776180698,16.0,-0.13157635778871932,1.079760436568053
2026-06-18,235.0,15.8,15.35,16.65,1.0,16,2.004106776180698,15.8,-0.012578782206860073,1.095464163959007
2026-06-18,240.0,15.01,13.4,15.65,1.0,65,2.004106776180698,15.01,-0.05129329438755058,1.0724768364628534
2026-06-18,245.0,14.55,12.25,14.85,1.0,6,2.004106776180698,14.55,-0.03112565202786895,1.0458421593255802
2026-06-18,250.0,12.23,11.4,13.7,1.0,34,2.004106776180698,12.23,-0.17369904391842053,1.1115344456106797
2026-06-18,255.0,12.0,11.55,12.85,3.0,15,2.004106776180698,12.0,-0.018985299911080663,1.078998894868574
2026-06-18,260.0,10.79,9.65,11.85,2.0,23,2.004106776180698,10.79,-0.10628687051795714,1.0681595703371223
2026-06-18,265.0,9.55,8.95,11.1,1.0,192,2.004106776180698,9.55,-0.12207862477740423,1.0792188749884275
2026-06-18,270.0,10.05,8.15,10.5,1.0,45,2.004106776180698,10.05,0.051031480012445826,1.1531950125202597
2026-06-18,280.0,8.87,6.95,9.3,2.0,33,2.004106776180698,8.87,-0.12489783818359683,1.1697103274502234
2026-06-18,290.0,7.28,5.9,8.25,2.0,21,2.004106776180698,7.28,-0.1975439341128934,1.2494682673762656
2026-06-18,300.0,6.5,4.95,7.1,1.0,964,2.004106776180698,6.5,-0.11332868530700324,1.2550979946991907
2026-06-18,330.0,4.3,2.28,5.0,1.0,2,2.004106776180698,4.3,-0.4131871542020747,1.7024642528529468
2026-06-18,340.0,3.75,3.15,3.9,17.0,74,2.004106776180698,3.75,-0.1368591827171973,1.7058739299516783
2026-12-18,50.0,129.0,129.0,133.95,1.0,59,2.5051334702258727,129.0,3.5380565643793527,12.719377417417
2026-12-18,55.0,127.67,125.0,129.45,9.0,47,2.5051334702258727,127.67,-0.01036359452941266,12.714202705901968
2026-12-18,60.0,124.51,120.5,124.95,2.0,12,2.5051334702258727,124.51,-0.025062775867938307,12.69049022363716
2026-12-18,65.0,119.0,116.5,120.5,2.0,6,2.5051334702258727,119.0,-0.045262540852791855,12.697406783845587
2026-12-18,70.0,113.8,112.0,116.45,2.0,91,2.5051334702258727,113.8,-0.04468097141929891,12.691573848938571
2026-12-18,75.0,106.0,108.0,112.35,35.0,109,2.5051334702258727,106.0,-0.07100342758016334,12.655248652104303
2026-12-18,80.0,101.5,103.55,107.95,2.0,21,2.5051334702258727,101.5,-0.04338029563022517,12.663177052355207
2026-12-18,85.0,66.5,63.5,68.5,5.0,15,2.5051334702258727,66.5,-0.4228568508200336,12.764785873377411
2026-12-18,90.0,99.7,95.5,99.95,1.0,19,2.5051334702258727,99.7,0.40496372930598423,12.813496815319576
2026-12-18,95.0,90.17,90.7,94.0,1.0,23,2.5051334702258727,90.17,-0.10046889945597737,12.821349009010243
2026-12-18,100.0,89.8,88.0,91.1,2.0,492,2.5051334702258727,89.8,-0.004111802203661444,12.81859728190393
2026-12-18,105.0,85.3,84.0,87.3,1.0,384,2.5051334702258727,85.3,-0.051410520810520485,12.794277218755974
2026-12-18,110.0,83.47,80.5,83.6,10.0,136,2.5051334702258727,83.47,-0.021687168634988173,12.794577255860988
2026-12-18,115.0,77.75,76.55,80.6,2.0,107,2.5051334702258727,77.75,-0.07098873480330177,12.788254720836877
2026-12-18,120.0,73.42,73.2,77.0,1.0,158,2.5051334702258727,73.42,-0.05730217299065525,12.776424493346818
2026-12-18,125.0,72.8,69.7,73.7,1.0,118,2.5051334702258727,72.8,-0.008480422866048045,12.780792285352883
2026-12-18,130.0,67.83,66.25,69.95,1.0,530,2.5051334702258727,67.83,-0.0707113802446521,12.770457365499297
2026-12-18,135.0,65.6,63.1,67.5,2.0,356,2.5051334702258727,65.6,-0.03342887900794492,12.7353903371578
2026-12-18,140.0,60.15,59.5,63.3,4.0,692,2.5051334702258727,60.15,-0.0867342535293554,12.72998601546245
2026-12-18,145.0,58.29,56.85,60.75,1.0,534,2.5051334702258727,58.29,-0.031410890363229506,12.601866747378368
2026-12-18,150.0,55.75,53.9,58.4,7.0,574,2.5051334702258727,55.75,-0.04455314171723025,12.581819851541306
2026-12-18,155.0,52.07,51.05,55.05,2.0,271,2.5051334702258727,52.07,-0.06828844316542046,2.124484089959675
2026-12-18,160.0,48.6,48.25,52.2,3.0,530,2.5051334702258727,48.6,-0.06896543626835959,2.122769278540524
2026-12-18,165.0,46.5,45.7,49.45,5.0,365,2.5051334702258727,46.5,-0.04417121831313754,2.1214271253236676
2026-12-18,170.0,44.37,43.15,45.0,2.0,1066,2.5051334702258727,44.37,-0.046888747202492594,2.121418773624811
2026-12-18,175.0,41.64,41.0,43.4,5.0,631,2.5051334702258727,41.64,-0.06350232164404994,2.1221636507129458
2026-12-18,180.0,39.4,38.45,41.6,5.0,212,2.5051334702258727,39.4,-0.05529542744288002,2.120703746425932
2026-12-18,185.0,38.63,35.7,39.5,7.0,94,2.5051334702258727,38.63,-0.019736639625698146,2.122810681559264
2026-12-18,190.0,34.4,35.0,36.65,1.0,138,2.5051334702258727,34.4,-0.11597261229883735,1.6498652522580075
2026-12-18,195.0,33.7,32.0,35.55,8.0,89,2.5051334702258727,33.7,-0.02055872702103655,0.4645611186720625
2026-12-18,200.0,31.55,30.2,33.0,4.0,947,2.5051334702258727,31.55,-0.06592424837109391,0.43317396614925574
2026-12-18,205.0,29.46,28.4,32.2,2.0,144,2.5051334702258727,29.46,-0.06854017795273798,0.403656408723819
2026-12-18,210.0,27.55,26.3,29.15,36.0,427,2.5051334702258727,27.55,-0.06703087543556073,0.40646240601708733
2026-12-18,215.0,26.0,25.0,27.9,1.0,122,2.5051334702258727,26.0,-0.057905997577441526,0.389393527557265
2026-12-18,220.0,24.5,23.4,25.75,1.0,95,2.5051334702258727,24.5,-0.059423420470800764,0.3856561043244203
2026-12-18,225.0,22.5,21.9,23.8,44.0,243,2.5051334702258727,22.5,-0.08515780834030683,0.3995794552099359
2026-12-18,230.0,21.4,20.55,23.55,2.0,108,2.5051334702258727,21.4,-0.050124387182568744,0.3609323159327755
2026-12-18,235.0,20.4,18.95,21.85,2.0,21,2.5051334702258727,20.4,-0.0478560211776351,0.35971215631613246
2026-12-18,240.0,19.25,17.75,20.55,1.0,143,2.5051334702258727,19.25,-0.05802384011637738,0.34915705166704886
2026-12-18,245.0,18.65,16.85,19.15,1.0,160,2.5051334702258727,18.65,-0.03166491464396881,0.3449047474420283
2026-12-18,250.0,17.1,15.85,18.95,6.0,336,2.5051334702258727,17.1,-0.0867676825812102,0.34894503962956896
2026-12-18,255.0,16.07,14.8,17.0,10.0,149,2.5051334702258727,16.07,-0.06212428375919306,0.3454523157237517
2026-12-18,260.0,14.0,13.8,16.05,2.0,28,2.5051334702258727,14.0,-0.1378968501341626,0.43973080679757254
2026-12-18,265.0,15.1,12.95,15.15,25.0,55,2.5051334702258727,15.1,0.07563741420561998,0.648769613310848
2026-12-18,270.0,14.1,12.15,14.25,25.0,79,2.5051334702258727,14.1,-0.06851994643675606,0.6488181178483146
2026-12-18,280.0,11.5,10.65,12.6,2.0,76,2.5051334702258727,11.5,-0.20382776201491812,0.8229432695405665
2026-12-18,290.0,9.9,9.1,11.25,3.0,139,2.5051334702258727,9.9,-0.1498122782286601,0.8745868820045268
2026-12-18,300.0,9.4,9.0,10.7,105.0,8628,2.5051334702258727,9.4,-0.05182506786458602,0.8753246807068469
2026-12-18,320.0,6.48,6.15,8.4,10.0,34,2.5051334702258727,6.48,-0.3719891789117749,1.3507834075630054
2026-12-18,330.0,7.2,4.95,7.3,2.0,18,2.5051334702258727,7.2,0.10536051565782635,1.4965979273532148
2026-12-18,340.0,5.95,5.6,6.6,6.0,229,2.5051334702258727,5.95,-0.19068980646447128,1.534921772201494
